sale_url,month,day,weekday,performer,venue,location,time,price
http://www.axs.com/events/344193/first-aid-kit-tickets,FEB,13,TUE,First Aid Kit,"Beacon Theatre,",New York City NY,"New York City, NY - 8:00 PM",Price: $35.00 - $55.00
http://www.axs.com/events/344277/sleigh-bells-tickets,FEB,13,TUE,Sleigh Bells,"Brooklyn Steel,",Brooklyn NY,"Brooklyn, NY - 8:00 PM",Price: $30.00
http://www.axs.com/events/345296/all-for-the-hall-tickets,FEB,13,TUE,All For The Hall,"PlayStation Theater,",New York NY,"New York, NY - 8:30 PM",
http://www.axs.com/events/343634/robert-plant-the-sensational-space-shifters-tickets,FEB,14,WED,Robert Plant & The Sensational Space Shifters,"Beacon Theatre,",New York City NY,"New York City, NY - 8:00 PM",Price: $63.75 - $129.25
http://www.axs.com/events/348473/village-of-love-tickets,FEB,14,WED,Village of Love,"Music Hall of Williamsburg,",Brooklyn NY,"Brooklyn, NY - 8:00 PM",Price: $20.00
http://www.axs.com/events/343607/august-burns-red-tickets,FEB,15,THU,August Burns Red,"Starland Ballroom,",Sayreville NJ,"Sayreville, NJ - 6:30 PM",Price: $23.00
http://www.axs.com/events/342711/an-evening-with-noel-gallagher-s-high-flying-birds-tickets,FEB,15,THU,An Evening with Noel Gallagher's High Flying Birds,"Radio City Music Hall,",New York City NY,"New York City, NY - 8:00 PM",
http://www.axs.com/events/344075/borns-tickets,FEB,15,THU,BØRNS,"Brooklyn Steel,",Brooklyn NY,"Brooklyn, NY - 8:00 PM",Price: $36.00
http://www.axs.com/events/346552/dirty-fences-tickets,FEB,15,THU,Dirty Fences,"Rough Trade NYC,",Brooklyn NY,"Brooklyn, NY - 9:00 PM",Price: $10.00
http://www.axs.com/events/344561/marilyn-manson-tickets,FEB,16,FRI,Marilyn Manson,"Starland Ballroom,",Sayreville NJ,"Sayreville, NJ - 7:00 PM",Price: $59.75 - $395.00
http://www.axs.com/events/344076/borns-tickets,FEB,16,FRI,BØRNS,"Terminal 5,",New York NY,"New York, NY - 8:00 PM",Price: $36.00
http://www.axs.com/events/346094/x-ambassadors-tickets,FEB,16,FRI,X Ambassadors,"Brooklyn Steel,",Brooklyn NY,"Brooklyn, NY - 8:00 PM",Price: $35.00
http://www.axs.com/events/345428/two-feet-tickets,FEB,16,FRI,Two Feet,"Music Hall of Williamsburg,",Brooklyn NY,"Brooklyn, NY - 9:00 PM",Price: $17.00
http://www.axs.com/events/346682/ganja-white-night-tickets,FEB,16,FRI,Ganja White Night,"PlayStation Theater,",New York NY,"New York, NY - 9:00 PM",
http://www.axs.com/events/347650/starcrawler-tickets,FEB,16,FRI,Starcrawler,"Rough Trade NYC,",Brooklyn NY,"Brooklyn, NY - 9:00 PM",Price: $12.00
http://www.axs.com/events/346015/pvris-tickets,FEB,17,SAT,PVRIS,"Starland Ballroom,",Sayreville NJ,"Sayreville, NJ - 7:00 PM",Price: $27.50 - $99.00
http://www.axs.com/events/342665/architects-tickets,FEB,17,SAT,Architects,"PlayStation Theater,",New York NY,"New York, NY - 8:00 PM",
http://www.axs.com/events/345040/frightened-rabbit-the-midnight-organ-fight-10th-anniversary-tour-tickets,FEB,24,SAT,Frightened Rabbit: The Midnight Organ Fight 10th Anniversary Tour,"Music Hall of Williamsburg,",Brooklyn NY,"Brooklyn, NY - 9:00 PM",Price: $35.00
http://www.axs.com/events/346741/railroad-earth-tickets,FEB,17,SAT,Railroad Earth,"The Capitol Theatre,",Port Chester NY,"Port Chester, NY - 8:00 PM",Price: $25.00 - $35.00
http://www.axs.com/events/346741/railroad-earth-tickets,FEB,17,SAT,Railroad Earth,"The Capitol Theatre,",Port Chester NY,"Port Chester, NY - 8:00 PM",Price: $25.00 - $35.00
http://www.axs.com/events/348113/medasin-tickets,FEB,17,SAT,Medasin,"Rough Trade NYC,",Brooklyn NY,"Brooklyn, NY - 8:30 PM",Price: $15.00
http://www.axs.com/events/346666/3lau-tickets,FEB,17,SAT,3LAU,"Terminal 5,",New York NY,"New York, NY - 9:00 PM",Price: $25.00 - $35.00
http://www.axs.com/events/347867/now-now-tickets,FEB,17,SAT,"Now, Now","Music Hall of Williamsburg,",Brooklyn NY,"Brooklyn, NY - 9:00 PM",
http://www.axs.com/events/346263/less-than-jake-four-year-strong-tickets,FEB,18,SUN,Less Than Jake & Four Year Strong,"Starland Ballroom,",Sayreville NJ,"Sayreville, NJ - 6:30 PM",Price: $22.50
http://www.axs.com/events/349241/elton-john-tickets,FEB,18,SUN,Elton John,"NYCB LIVE, Home of The Nassau Veterans Memorial Coliseum,",Long Island NY,"Long Island, NY - 8:00 PM","ON SALE Feb 16, 2018 - 10:00 AM"
http://www.axs.com/events/349346/tet-yeu-thuong-2018-tickets,FEB,18,SUN,Tet Yeu Thuong 2018,"Rough Trade NYC,",Brooklyn NY,"Brooklyn, NY - 8:00 PM",Starting from: $15.00
http://www.axs.com/events/345776/tedeschi-trucks-band-tickets,FEB,20,TUE,Tedeschi Trucks Band,"The Capitol Theatre,",Port Chester NY,"Port Chester, NY - 8:00 PM",Price: $55.00 - $95.00
http://www.axs.com/events/347286/88rising-double-happiness-rich-brian-joji-keith-ape-higher-brothers-tickets,FEB,20,TUE,"88rising Double Happiness: Rich Brian, Joji, Keith Ape, & Higher Brothers","Terminal 5,",New York NY,"New York, NY - 8:00 PM",Price: $32.50
http://www.axs.com/events/349871/portugal-the-man-tickets,FEB,20,TUE,Portugal. The Man,"Brooklyn Steel,",Brooklyn NY,"Brooklyn, NY - 8:00 PM",Price: $50.00
http://www.axs.com/events/345648/tyler-childers-tickets,FEB,20,TUE,Tyler Childers,"Music Hall of Williamsburg,",Brooklyn NY,"Brooklyn, NY - 9:00 PM",Price: $20.00
http://www.axs.com/events/343886/idan-raichel-tickets,FEB,21,WED,Idan Raichel,"Beacon Theatre,",New York City NY,"New York City, NY - 8:00 PM",Price: $39.50 - $99.50
http://www.axs.com/events/345593/billy-joel-in-concert-tickets,FEB,21,WED,Billy Joel - In Concert,"Madison Square Garden,",New York City NY,"New York City, NY - 8:00 PM",
http://www.axs.com/events/345778/tedeschi-trucks-band-tickets,FEB,21,WED,Tedeschi Trucks Band,"The Capitol Theatre,",Port Chester NY,"Port Chester, NY - 8:00 PM",Price: $55.00 - $95.00
http://www.axs.com/events/345702/dvsn-tickets,FEB,21,WED,DVSN,"Terminal 5,",New York NY,"New York, NY - 9:00 PM",Price: $32.50
http://www.axs.com/events/346824/amber-mark-tickets,FEB,21,WED,Amber Mark,"Rough Trade NYC,",Brooklyn NY,"Brooklyn, NY - 9:00 PM",Price: $15.00
http://www.axs.com/events/343069/strfkr-tickets,FEB,22,THU,STRFKR,"Brooklyn Steel,",Brooklyn NY,"Brooklyn, NY - 8:00 PM",Price: $27.50
http://www.axs.com/events/343332/little-big-town-tickets,FEB,24,SAT,Little Big Town,"Radio City Music Hall,",New York City NY,"New York City, NY",
http://www.axs.com/events/346627/tyler-the-creator-tickets,FEB,24,SAT,"Tyler, The Creator","The Theater at Madison Square Garden,",New York NY,"New York, NY - 7:30 PM",
http://www.axs.com/events/344316/bananarama-tickets,FEB,24,SAT,Bananarama,"PlayStation Theater,",New York NY,"New York, NY - 8:00 PM",
http://www.axs.com/events/344871/lane-8-little-by-little-tour-tickets,FEB,24,SAT,Lane 8: Little By Little Tour,"Brooklyn Steel,",Brooklyn NY,"Brooklyn, NY - 8:00 PM",Price: $25.00
http://www.axs.com/events/346416/freestyle-explosion-winter-edition-tickets,FEB,24,SAT,Freestyle Explosion Winter Edition,"Starland Ballroom,",Sayreville NJ,"Sayreville, NJ - 8:00 PM",Price: $35.00 - $150.00
http://www.axs.com/events/346742/diana-krall-tickets,FEB,24,SAT,Diana Krall,"The Capitol Theatre,",Port Chester NY,"Port Chester, NY - 8:00 PM",Price: $65.00 - $125.00
http://www.axs.com/events/347286/88rising-double-happiness-rich-brian-joji-keith-ape-higher-brothers-tickets,FEB,20,TUE,"88rising Double Happiness: Rich Brian, Joji, Keith Ape, & Higher Brothers","Terminal 5,",New York NY,"New York, NY - 8:00 PM",Price: $32.50
http://www.axs.com/events/349871/portugal-the-man-tickets,FEB,20,TUE,Portugal. The Man,"Brooklyn Steel,",Brooklyn NY,"Brooklyn, NY - 8:00 PM",Price: $50.00
http://www.axs.com/events/345648/tyler-childers-tickets,FEB,20,TUE,Tyler Childers,"Music Hall of Williamsburg,",Brooklyn NY,"Brooklyn, NY - 9:00 PM",Price: $20.00
http://www.axs.com/events/343886/idan-raichel-tickets,FEB,21,WED,Idan Raichel,"Beacon Theatre,",New York City NY,"New York City, NY - 8:00 PM",Price: $39.50 - $99.50
http://www.axs.com/events/345593/billy-joel-in-concert-tickets,FEB,21,WED,Billy Joel - In Concert,"Madison Square Garden,",New York City NY,"New York City, NY - 8:00 PM",
http://www.axs.com/events/345778/tedeschi-trucks-band-tickets,FEB,21,WED,Tedeschi Trucks Band,"The Capitol Theatre,",Port Chester NY,"Port Chester, NY - 8:00 PM",Price: $55.00 - $95.00
http://www.axs.com/events/345702/dvsn-tickets,FEB,21,WED,DVSN,"Terminal 5,",New York NY,"New York, NY - 9:00 PM",Price: $32.50
http://www.axs.com/events/346824/amber-mark-tickets,FEB,21,WED,Amber Mark,"Rough Trade NYC,",Brooklyn NY,"Brooklyn, NY - 9:00 PM",Price: $15.00
http://www.axs.com/events/343069/strfkr-tickets,FEB,22,THU,STRFKR,"Brooklyn Steel,",Brooklyn NY,"Brooklyn, NY - 8:00 PM",Price: $27.50
http://www.axs.com/events/345925/awolnation-tickets,FEB,22,THU,AWOLNATION,"Terminal 5,",New York NY,"New York, NY - 8:00 PM",Starting from: $31.25
http://www.axs.com/events/348616/damian-jr-gong-marley-tickets,FEB,22,THU,"Damian ""Jr. Gong"" Marley","PlayStation Theater,",New York NY,"New York, NY - 8:00 PM",
http://www.axs.com/events/346468/stelouse-tickets,FEB,22,THU,StéLouse,"Rough Trade NYC,",Brooklyn NY,"Brooklyn, NY - 9:00 PM",Price: $12.00
http://www.axs.com/events/348077/phoebe-bridgers-tickets,FEB,22,THU,Phoebe Bridgers,"Music Hall of Williamsburg,",Brooklyn NY,"Brooklyn, NY - 9:00 PM",Price: $15.00
http://www.axs.com/events/346429/tyler-the-creator-tickets,FEB,23,FRI,"Tyler, The Creator","The Theater at Madison Square Garden,",New York NY,"New York, NY - 7:30 PM",
http://www.axs.com/events/343013/lila-downs-tickets,FEB,23,FRI,Lila Downs,"PlayStation Theater,",New York NY,"New York, NY - 8:00 PM",Price: $45.00 - $59.50
http://www.axs.com/events/345180/city-of-the-sun-tickets,FEB,23,FRI,City of the Sun,"Brooklyn Steel,",Brooklyn NY,"Brooklyn, NY - 8:00 PM",Price: $17.50
http://www.axs.com/events/347639/scarlet-sails-tickets,FEB,23,FRI,Scarlet Sails,"Rough Trade NYC,",Brooklyn NY,"Brooklyn, NY - 8:30 PM",Price: $10.00
http://www.axs.com/events/345825/don-diablo-tickets,FEB,23,FRI,Don Diablo,"Terminal 5,",New York NY,"New York, NY - 9:00 PM",
http://www.axs.com/events/347582/phoebe-bridgers-tickets,FEB,23,FRI,Phoebe Bridgers,"Music Hall of Williamsburg,",Brooklyn NY,"Brooklyn, NY - 9:00 PM",Price: $15.00
http://www.axs.com/events/345925/awolnation-tickets,FEB,22,THU,AWOLNATION,"Terminal 5,",New York NY,"New York, NY - 8:00 PM",Starting from: $31.25
http://www.axs.com/events/348616/damian-jr-gong-marley-tickets,FEB,22,THU,"Damian ""Jr. Gong"" Marley","PlayStation Theater,",New York NY,"New York, NY - 8:00 PM",
http://www.axs.com/events/346468/stelouse-tickets,FEB,22,THU,StéLouse,"Rough Trade NYC,",Brooklyn NY,"Brooklyn, NY - 9:00 PM",Price: $12.00
http://www.axs.com/events/348077/phoebe-bridgers-tickets,FEB,22,THU,Phoebe Bridgers,"Music Hall of Williamsburg,",Brooklyn NY,"Brooklyn, NY - 9:00 PM",Price: $15.00
http://www.axs.com/events/346429/tyler-the-creator-tickets,FEB,23,FRI,"Tyler, The Creator","The Theater at Madison Square Garden,",New York NY,"New York, NY - 7:30 PM",
http://www.axs.com/events/343013/lila-downs-tickets,FEB,23,FRI,Lila Downs,"PlayStation Theater,",New York NY,"New York, NY - 8:00 PM",Price: $45.00 - $59.50
http://www.axs.com/events/345180/city-of-the-sun-tickets,FEB,23,FRI,City of the Sun,"Brooklyn Steel,",Brooklyn NY,"Brooklyn, NY - 8:00 PM",Price: $17.50
http://www.axs.com/events/347639/scarlet-sails-tickets,FEB,23,FRI,Scarlet Sails,"Rough Trade NYC,",Brooklyn NY,"Brooklyn, NY - 8:30 PM",Price: $10.00
http://www.axs.com/events/345825/don-diablo-tickets,FEB,23,FRI,Don Diablo,"Terminal 5,",New York NY,"New York, NY - 9:00 PM",
http://www.axs.com/events/347582/phoebe-bridgers-tickets,FEB,23,FRI,Phoebe Bridgers,"Music Hall of Williamsburg,",Brooklyn NY,"Brooklyn, NY - 9:00 PM",Price: $15.00
http://www.axs.com/events/343332/little-big-town-tickets,FEB,24,SAT,Little Big Town,"Radio City Music Hall,",New York City NY,"New York City, NY",
http://www.axs.com/events/346627/tyler-the-creator-tickets,FEB,24,SAT,"Tyler, The Creator","The Theater at Madison Square Garden,",New York NY,"New York, NY - 7:30 PM",
http://www.axs.com/events/344316/bananarama-tickets,FEB,24,SAT,Bananarama,"PlayStation Theater,",New York NY,"New York, NY - 8:00 PM",
http://www.axs.com/events/344871/lane-8-little-by-little-tour-tickets,FEB,24,SAT,Lane 8: Little By Little Tour,"Brooklyn Steel,",Brooklyn NY,"Brooklyn, NY - 8:00 PM",Price: $25.00
http://www.axs.com/events/346416/freestyle-explosion-winter-edition-tickets,FEB,24,SAT,Freestyle Explosion Winter Edition,"Starland Ballroom,",Sayreville NJ,"Sayreville, NJ - 8:00 PM",Price: $35.00 - $150.00
http://www.axs.com/events/346742/diana-krall-tickets,FEB,24,SAT,Diana Krall,"The Capitol Theatre,",Port Chester NY,"Port Chester, NY - 8:00 PM",Price: $65.00 - $125.00
http://www.axs.com/events/345040/frightened-rabbit-the-midnight-organ-fight-10th-anniversary-tour-tickets,FEB,24,SAT,Frightened Rabbit: The Midnight Organ Fight 10th Anniversary Tour,"Music Hall of Williamsburg,",Brooklyn NY,"Brooklyn, NY - 9:00 PM",Price: $35.00
http://www.axs.com/events/346093/lp-tickets,MAR,1,THU,LP,"Brooklyn Steel,",Brooklyn NY,"Brooklyn, NY - 8:30 PM",Price: $22.00
http://www.axs.com/events/347575/rann-mobile-steam-unit-tickets,FEB,24,SAT,"RANN, Mobile Steam Unit","Rough Trade NYC,",Brooklyn NY,"Brooklyn, NY - 9:00 PM",Price: $10.00
http://www.axs.com/events/349802/24k-tickets,FEB,25,SUN,24K,"Music Hall of Williamsburg,",Brooklyn NY,"Brooklyn, NY - 7:00 PM",Starting from: $79.00
http://www.axs.com/events/348176/jawbreaker-tickets,FEB,26,MON,Jawbreaker,"Brooklyn Steel,",Brooklyn NY,"Brooklyn, NY - 8:00 PM",Price: $39.50
http://www.axs.com/events/347494/joan-as-police-woman-damned-devotion-release-show-tickets,FEB,26,MON,Joan as Police Woman 'Damned Devotion' Release Show,"Rough Trade NYC,",Brooklyn NY,"Brooklyn, NY - 8:30 PM",Price: $15.00
http://www.axs.com/events/348177/jawbreaker-tickets,FEB,27,TUE,Jawbreaker,"Brooklyn Steel,",Brooklyn NY,"Brooklyn, NY - 8:00 PM",Price: $39.50
http://www.axs.com/events/348178/jawbreaker-tickets,FEB,28,WED,Jawbreaker,"Brooklyn Steel,",Brooklyn NY,"Brooklyn, NY - 8:00 PM",Price: $39.50
http://www.axs.com/events/348250/injury-reserve-tickets,FEB,28,WED,Injury Reserve,"Rough Trade NYC,",Brooklyn NY,"Brooklyn, NY - 9:00 PM",Price: $13.00
http://www.axs.com/events/347668/soja-tickets,MAR,1,THU,SOJA,"The Capitol Theatre,",Port Chester NY,"Port Chester, NY - 8:00 PM",Price: $25.00 - $35.00
http://www.axs.com/events/346093/lp-tickets,MAR,1,THU,LP,"Brooklyn Steel,",Brooklyn NY,"Brooklyn, NY - 8:30 PM",Price: $22.00
http://www.axs.com/events/346764/gus-dapperton-tickets,MAR,1,THU,Gus Dapperton,"Rough Trade NYC,",Brooklyn NY,"Brooklyn, NY - 9:00 PM",Price: $15.00
http://www.axs.com/events/348136/the-presets-tickets,MAR,1,THU,The Presets,"Music Hall of Williamsburg,",Brooklyn NY,"Brooklyn, NY - 9:00 PM",Price: $25.00
http://www.axs.com/events/344925/rhye-tickets,MAR,2,FRI,Rhye,"Brooklyn Steel,",Brooklyn NY,"Brooklyn, NY - 8:00 PM",Price: $38.00
http://www.axs.com/events/347645/lucy-dacus-tickets,MAR,2,FRI,Lucy Dacus,"Music Hall of Williamsburg,",Brooklyn NY,"Brooklyn, NY - 9:00 PM",Price: $15.00
http://www.axs.com/events/347565/jeezy-tickets,MAR,2,FRI,Jeezy,"PlayStation Theater,",New York NY,"New York, NY - 8:00 PM",
http://www.axs.com/events/347656/melvin-seals-jgb-tickets,MAR,2,FRI,Melvin Seals & JGB,"The Capitol Theatre,",Port Chester NY,"Port Chester, NY - 8:00 PM",Price: $25.00 - $35.00
http://www.axs.com/events/345922/shallou-tickets,MAR,2,FRI,shallou,"Rough Trade NYC,",Brooklyn NY,"Brooklyn, NY - 9:00 PM",Price: $12.00
http://www.axs.com/events/347645/lucy-dacus-tickets,MAR,2,FRI,Lucy Dacus,"Music Hall of Williamsburg,",Brooklyn NY,"Brooklyn, NY - 9:00 PM",Price: $15.00
http://www.axs.com/events/344190/excision-tickets,MAR,2,FRI,Excision,"Terminal 5,",New York NY,"New York, NY - 10:00 PM",
http://www.axs.com/events/347530/motionless-in-white-the-graveyard-shift-north-american-tour-tickets,MAR,3,SAT,Motionless In White: The Graveyard Shift North American Tour,"Starland Ballroom,",Sayreville NJ,"Sayreville, NJ - 6:00 PM",Price: $24.00
http://www.axs.com/events/345529/andrew-bird-tickets,MAR,3,SAT,Andrew Bird,"The Capitol Theatre,",Port Chester NY,"Port Chester, NY - 8:00 PM",Price: $36.00 - $56.00
http://www.axs.com/events/347484/kolars-escondido-tickets,MAR,3,SAT,KOLARS / Escondido,"Rough Trade NYC,",Brooklyn NY,"Brooklyn, NY - 8:30 PM",Price: $15.00
http://www.axs.com/events/345177/hippie-sabotage-tickets,MAR,3,SAT,Hippie Sabotage,"Brooklyn Steel,",Brooklyn NY,"Brooklyn, NY - 9:00 PM",Price: $25.00 - $50.00
http://www.axs.com/events/344191/excision-tickets,MAR,3,SAT,Excision,"Terminal 5,",New York NY,"New York, NY - 10:00 PM",
http://www.axs.com/events/340764/shed-seven-tickets,MAR,5,MON,Shed Seven,"Rough Trade NYC,",Brooklyn NY,"Brooklyn, NY - 9:00 PM",Price: $25.00
http://www.axs.com/events/347417/lola-marsh-tickets,MAR,6,TUE,Lola Marsh,"Rough Trade NYC,",Brooklyn NY,"Brooklyn, NY - 9:00 PM",Price: $15.00
http://www.axs.com/events/349889/elvis-costello-the-imposters-tickets,MAR,7,WED,Elvis Costello & The Imposters,"Brooklyn Steel,",Brooklyn NY,"Brooklyn, NY - 8:00 PM",Price: $75.00
http://www.axs.com/events/346220/bruno-major-tickets,MAR,7,WED,Bruno Major,"Rough Trade NYC,",Brooklyn NY,"Brooklyn, NY - 9:00 PM",Price: $15.00
http://www.axs.com/events/347078/jonathan-wilson-tickets,MAR,7,WED,Jonathan Wilson,"Music Hall of Williamsburg,",Brooklyn NY,"Brooklyn, NY - 9:00 PM",Price: $25.00
http://www.axs.com/events/349864/nathaniel-rateliff-the-night-sweats-tickets,MAR,8,THU,Nathaniel Rateliff & The Night Sweats,"Apollo Theater,",New York City NY,"New York City, NY - 8:00 PM",Price: $30.00 - $49.50
http://www.axs.com/events/349890/elvis-costello-the-imposters-tickets,MAR,8,THU,Elvis Costello & The Imposters,"The Capitol Theatre,",Port Chester NY,"Port Chester, NY - 8:00 PM",Price: $55.00 - $150.00
http://www.axs.com/events/344925/rhye-tickets,MAR,2,FRI,Rhye,"Brooklyn Steel,",Brooklyn NY,"Brooklyn, NY - 8:00 PM",Price: $38.00
http://www.axs.com/events/344938/nada-surf-tickets,MAR,8,THU,Nada Surf,"Brooklyn Steel,",Brooklyn NY,"Brooklyn, NY - 9:00 PM",Price: $27.50
http://www.axs.com/events/348293/papooz-tickets,MAR,8,THU,Papooz,"Rough Trade NYC,",Brooklyn NY,"Brooklyn, NY - 9:00 PM",Price: $15.00
http://www.axs.com/events/347012/pat-green-eli-young-band-tickets,MAR,9,FRI,Pat Green / Eli Young Band,"Terminal 5,",New York NY,"New York, NY - 7:00 PM",Price: $35.00
http://www.axs.com/events/347440/tyler-farr-tickets,MAR,9,FRI,Tyler Farr,"Starland Ballroom,",Sayreville NJ,"Sayreville, NJ - 7:00 PM",Price: $25.00
http://www.axs.com/events/349891/elvis-costello-the-imposters-tickets,MAR,9,FRI,Elvis Costello & The Imposters,"The Capitol Theatre,",Port Chester NY,"Port Chester, NY - 8:00 PM",Price: $55.00 - $150.00
http://www.axs.com/events/344869/tune-yards-tickets,MAR,9,FRI,Tune-Yards,"Brooklyn Steel,",Brooklyn NY,"Brooklyn, NY - 9:00 PM",Price: $31.00
http://www.axs.com/events/347573/ella-vos-tickets,MAR,9,FRI,Ella Vos,"Rough Trade NYC,",Brooklyn NY,"Brooklyn, NY - 9:00 PM",Price: $15.00
http://www.axs.com/events/349582/craig-david-presents-ts5-tickets,MAR,9,FRI,Craig David Presents TS5,"Music Hall of Williamsburg,",Brooklyn NY,"Brooklyn, NY - 9:00 PM",Price: $30.00
http://www.axs.com/events/347280/nyc-winter-wine-festival-tickets,MAR,10,SAT,NYC Winter Wine Festival,"PlayStation Theater,",New York NY,"New York, NY - 3:00 PM",
http://www.axs.com/events/343112/omd-tickets,MAR,10,SAT,OMD,"Terminal 5,",New York NY,"New York, NY - 8:00 PM",Price: $35.00
http://www.axs.com/events/348141/jj-grey-mofro-tickets,MAR,10,SAT,JJ Grey & Mofro,"The Capitol Theatre,",Port Chester NY,"Port Chester, NY - 8:00 PM",Price: $27.50 - $40.00
http://www.axs.com/events/348292/mike-gordon-tickets,MAR,10,SAT,Mike Gordon,"Brooklyn Steel,",Brooklyn NY,"Brooklyn, NY - 8:00 PM",Price: $30.00
http://www.axs.com/events/347724/alex-cameron-tickets,MAR,10,SAT,Alex Cameron,"Music Hall of Williamsburg,",Brooklyn NY,"Brooklyn, NY - 9:00 PM",Price: $15.00
http://www.axs.com/events/348317/adrian-daniel-tickets,MAR,10,SAT,Adrian Daniel,"Rough Trade NYC,",Brooklyn NY,"Brooklyn, NY - 9:00 PM",Price: $15.00
http://www.axs.com/events/346839/senses-fail-tickets,MAR,11,SUN,Senses Fail,"Music Hall of Williamsburg,",Brooklyn NY,"Brooklyn, NY - 7:00 PM",Price: $22.00
http://www.axs.com/events/345369/godspeed-you-black-emperor-tickets,MAR,12,MON,Godspeed You! Black Emperor,"Brooklyn Steel,",Brooklyn NY,"Brooklyn, NY - 8:00 PM",Price: $35.00
http://www.axs.com/events/349183/alex-cameron-tickets,MAR,12,MON,Alex Cameron,"Music Hall of Williamsburg,",Brooklyn NY,"Brooklyn, NY - 9:00 PM",Price: $15.00
http://www.axs.com/events/345370/godspeed-you-black-emperor-tickets,MAR,13,TUE,Godspeed You! Black Emperor,"Brooklyn Steel,",Brooklyn NY,"Brooklyn, NY - 8:00 PM",Price: $35.00
http://www.axs.com/events/347669/steve-winwood-tickets,MAR,13,TUE,Steve Winwood,"The Capitol Theatre,",Port Chester NY,"Port Chester, NY - 8:00 PM",Price: $65.00 - $125.00
http://www.axs.com/events/348593/an-evening-with-kristin-hersh-grant-lee-phillips-tickets,MAR,13,TUE,An Evening with Kristin Hersh + Grant-Lee Phillips,"Rough Trade NYC,",Brooklyn NY,"Brooklyn, NY - 8:30 PM",Price: $22.00
http://www.axs.com/events/337706/nightwish-tickets,MAR,14,WED,Nightwish,"PlayStation Theater,",New York NY,"New York, NY - 8:00 PM",
http://www.axs.com/events/347588/beth-ditto-tickets,MAR,14,WED,Beth Ditto,"Brooklyn Steel,",Brooklyn NY,"Brooklyn, NY - 8:00 PM",Price: $25.00
http://www.axs.com/events/347897/phil-lesh-the-terrapin-family-band-and-steve-winwood-tickets,MAR,14,WED,Phil Lesh & The Terrapin Family Band and Steve Winwood,"The Capitol Theatre,",Port Chester NY,"Port Chester, NY - 8:00 PM",
http://www.axs.com/events/348274/a-tribute-for-nujabes-with-shing02-the-chee-hoos-tickets,MAR,14,WED,A Tribute for Nujabes with Shing02 & The Chee-Hoos,"Rough Trade NYC,",Brooklyn NY,"Brooklyn, NY - 9:00 PM",Price: $20.00
http://www.axs.com/events/346096/i-m-with-her-y-sara-watkins-sarah-jarosz-and-aoife-o-donovan-tickets,MAR,15,THU,"I'm With Her – Sara Watkins, Sarah Jarosz and Aoife O'Donovan","Town Hall,",New York City NY,"New York City, NY - 8:00 PM",Price: $37.50 - $42.50
http://www.axs.com/events/346683/mat-kearney-tickets,MAR,15,THU,Mat Kearney,"PlayStation Theater,",New York NY,"New York, NY - 8:00 PM",
http://www.axs.com/events/348757/whoopi-goldberg-tickets,MAR,15,THU,Whoopi Goldberg,"Beacon Theatre,",New York City NY,"New York City, NY - 8:00 PM",
http://www.axs.com/events/345010/tall-heights-tickets,MAR,15,THU,Tall Heights,"Rough Trade NYC,",Brooklyn NY,"Brooklyn, NY - 9:00 PM",Price: $15.00
http://www.axs.com/events/346642/nightmares-on-wax-tickets,MAR,15,THU,Nightmares On Wax,"Music Hall of Williamsburg,",Brooklyn NY,"Brooklyn, NY - 9:00 PM",Price: $22.50
http://www.axs.com/events/349983/zion-t-tickets,MAR,16,FRI,Zion T,"PlayStation Theater,",New York NY,"New York, NY - 7:00 PM",
http://www.axs.com/events/346638/raphael-tickets,APR,25,WED,Raphael,"Beacon Theatre,",New York City NY,"New York City, NY - 8:00 PM",Price: $59.50 - $119.50
http://www.axs.com/events/346839/senses-fail-tickets,MAR,11,SUN,Senses Fail,"Music Hall of Williamsburg,",Brooklyn NY,"Brooklyn, NY - 7:00 PM",Price: $22.00
http://www.axs.com/events/348757/whoopi-goldberg-tickets,MAR,15,THU,Whoopi Goldberg,"Beacon Theatre,",New York City NY,"New York City, NY - 8:00 PM",
http://www.axs.com/events/345010/tall-heights-tickets,MAR,15,THU,Tall Heights,"Rough Trade NYC,",Brooklyn NY,"Brooklyn, NY - 9:00 PM",Price: $15.00
http://www.axs.com/events/346642/nightmares-on-wax-tickets,MAR,15,THU,Nightmares On Wax,"Music Hall of Williamsburg,",Brooklyn NY,"Brooklyn, NY - 9:00 PM",Price: $22.50
http://www.axs.com/events/349983/zion-t-tickets,MAR,16,FRI,Zion T,"PlayStation Theater,",New York NY,"New York, NY - 7:00 PM",
http://www.axs.com/events/342888/time-machine-mashina-vremeni-back-to-the-usa-tickets,MAR,16,FRI,Time Machine/Mashina Vremeni - Back to the USA!,"Terminal 5,",New York NY,"New York, NY - 8:00 PM",Price: $85.00 - $250.00
http://www.axs.com/events/347414/the-midnight-tickets,MAR,16,FRI,The Midnight,"Music Hall of Williamsburg,",Brooklyn NY,"Brooklyn, NY - 9:00 PM",Price: $16.00
http://www.axs.com/events/349085/anomalie-tickets,MAR,16,FRI,Anomalie,"Rough Trade NYC,",Brooklyn NY,"Brooklyn, NY - 9:00 PM",Price: $12.00
http://www.axs.com/events/346987/senses-fail-tickets,MAR,17,SAT,Senses Fail,"Starland Ballroom,",Sayreville NJ,"Sayreville, NJ - 6:30 PM",Price: $19.00
http://www.axs.com/events/347367/buffalo-tom-tickets,MAR,17,SAT,Buffalo Tom,"Music Hall of Williamsburg,",Brooklyn NY,"Brooklyn, NY - 9:00 PM",Price: $25.00
http://www.axs.com/events/347864/little-tybee-the-reign-of-kindo-tickets,MAR,17,SAT,Little Tybee / The Reign of Kindo,"Rough Trade NYC,",Brooklyn NY,"Brooklyn, NY - 9:00 PM",Price: $15.00
http://www.axs.com/events/349467/our-golden-friend-nyc-showcase-jade-imagine-rvg-totally-mild-jess-tickets,MAR,19,MON,"Our Golden Friend NYC Showcase: Jade Imagine, RVG, Totally Mild, Jess Ribeiro","Rough Trade NYC,",Brooklyn NY,"Brooklyn, NY - 8:00 PM",Price: $10.00
http://www.axs.com/events/347583/moby-tickets,MAR,20,TUE,Moby,"Rough Trade NYC,",Brooklyn NY,"Brooklyn, NY - 9:00 PM",Price: $35.00
http://www.axs.com/events/347346/knuckle-puck-tickets,MAR,21,WED,Knuckle Puck,"Music Hall of Williamsburg,",Brooklyn NY,"Brooklyn, NY - 7:00 PM",Price: $19.99
http://www.axs.com/events/347585/moby-tickets,MAR,21,WED,Moby,"Rough Trade NYC,",Brooklyn NY,"Brooklyn, NY - 9:00 PM",Price: $35.00
http://www.axs.com/events/345859/lucius-tickets,MAR,22,THU,Lucius,"Town Hall,",New York City NY,"New York City, NY - 8:00 PM",Price: $35.00 - $45.00
http://www.axs.com/events/346088/son-lux-tickets,MAR,22,THU,Son Lux,"Brooklyn Steel,",Brooklyn NY,"Brooklyn, NY - 8:00 PM",
http://www.axs.com/events/345841/theo-katzman-tickets,MAR,22,THU,Theo Katzman,"Music Hall of Williamsburg,",Brooklyn NY,"Brooklyn, NY - 9:00 PM",Price: $17.00
http://www.axs.com/events/347708/wolf-tickets,MAR,22,THU,Wolf!,"Rough Trade NYC,",Brooklyn NY,"Brooklyn, NY - 9:00 PM",Price: $15.00
http://www.axs.com/events/347838/matt-and-kim-tickets,MAR,23,FRI,Matt and Kim,"Starland Ballroom,",Sayreville NJ,"Sayreville, NJ - 7:00 PM",Price: $29.50
http://www.axs.com/events/346515/keys-n-krates-tickets,MAR,23,FRI,Keys N Krates,"Brooklyn Steel,",Brooklyn NY,"Brooklyn, NY - 8:00 PM",
http://www.axs.com/events/346821/boogie-t-squnto-strike-back-new-york-tickets,MAR,23,FRI,Boogie T & SQUNTO Strike Back: NEW YORK,"Highline Ballroom,",New York City NY,"New York City, NY - 8:00 PM",
http://www.axs.com/events/346477/porches-tickets,MAR,23,FRI,Porches,"Music Hall of Williamsburg,",Brooklyn NY,"Brooklyn, NY - 9:00 PM",Price: $20.00
http://www.axs.com/events/347004/miguel-tickets,MAR,23,FRI,Miguel,"Terminal 5,",New York NY,"New York, NY - 9:00 PM",Price: $45.00 - $195.00
http://www.axs.com/events/348581/lettuce-with-the-motet-tickets,MAR,23,FRI,Lettuce with The Motet,"The Capitol Theatre,",Port Chester NY,"Port Chester, NY - 9:00 PM",Price: $32.00 - $47.00
http://www.axs.com/events/350051/katie-toupin-formerly-of-houndmouth-tickets,MAR,23,FRI,Katie Toupin (formerly of Houndmouth),"Rough Trade NYC,",Brooklyn NY,"Brooklyn, NY - 9:00 PM",Starting from: $10.00
http://www.axs.com/events/348617/bitch-sesh-tickets,MAR,24,SAT,Bitch Sesh,"PlayStation Theater,",New York NY,"New York, NY - 4:00 PM",
http://www.axs.com/events/346248/the-noise-presents-pop-evil-music-over-words-tour-tickets,MAR,24,SAT,The Noise Presents - Pop Evil: Music Over Words Tour,"Starland Ballroom,",Sayreville NJ,"Sayreville, NJ - 6:30 PM",Price: $19.50
http://www.axs.com/events/347599/bitch-sesh-tickets,MAR,24,SAT,Bitch Sesh,"PlayStation Theater,",New York NY,"New York, NY - 8:00 PM",
http://www.axs.com/events/347732/elohim-tickets,MAR,24,SAT,Elohim,"Rough Trade NYC,",Brooklyn NY,"Brooklyn, NY - 8:00 PM",Price: $20.00
http://www.axs.com/events/348713/mgmt-tickets,MAR,24,SAT,MGMT,"Kings Theatre,",Brooklyn NY,"Brooklyn, NY - 8:00 PM",
http://www.axs.com/events/346553/born-ruffians-tickets,MAR,24,SAT,Born Ruffians,"Music Hall of Williamsburg,",Brooklyn NY,"Brooklyn, NY - 9:00 PM",Price: $16.00
http://www.axs.com/events/347003/miguel-tickets,MAR,24,SAT,Miguel,"Brooklyn Steel,",Brooklyn NY,"Brooklyn, NY - 9:00 PM",Price: $45.00 - $195.00
http://www.axs.com/events/348635/lettuce-with-the-motet-tickets,MAR,24,SAT,Lettuce with The Motet,"The Capitol Theatre,",Port Chester NY,"Port Chester, NY - 9:00 PM",Price: $32.00 - $47.00
http://www.axs.com/events/349725/idles-tickets,MAR,24,SAT,IDLES,"Rough Trade NYC,",Brooklyn NY,"Brooklyn, NY - 10:30 PM",Price: $10.00
http://www.axs.com/events/348518/mgmt-tickets,MAR,25,SUN,MGMT,"Brooklyn Steel,",Brooklyn NY,"Brooklyn, NY - 8:00 PM",Price: $45.00
http://www.axs.com/events/349468/iris-lune-sir-cadian-rhythm-twiceyoung-tickets,MAR,25,SUN,"Iris Lune, Sir Cadian Rhythm, Twiceyoung","Rough Trade NYC,",Brooklyn NY,"Brooklyn, NY - 8:00 PM",Price: $10.00
http://www.axs.com/events/347120/k-d-lang-tickets,MAR,26,MON,k.d. lang,"Beacon Theatre,",New York City NY,"New York City, NY - 7:30 PM",Price: $49.50 - $100.00
http://www.axs.com/events/344402/galactic-tickets,FEB,17,SAT,Galactic,"Brooklyn Steel,",Brooklyn NY,"Brooklyn, NY - 8:00 PM",Price: $30.00
http://www.axs.com/events/346741/railroad-earth-tickets,FEB,17,SAT,Railroad Earth,"The Capitol Theatre,",Port Chester NY,"Port Chester, NY - 8:00 PM",Price: $25.00 - $35.00
http://www.axs.com/events/348113/medasin-tickets,FEB,17,SAT,Medasin,"Rough Trade NYC,",Brooklyn NY,"Brooklyn, NY - 8:30 PM",Price: $15.00
http://www.axs.com/events/346666/3lau-tickets,FEB,17,SAT,3LAU,"Terminal 5,",New York NY,"New York, NY - 9:00 PM",Price: $25.00 - $35.00
http://www.axs.com/events/347867/now-now-tickets,FEB,17,SAT,"Now, Now","Music Hall of Williamsburg,",Brooklyn NY,"Brooklyn, NY - 9:00 PM",
http://www.axs.com/events/346263/less-than-jake-four-year-strong-tickets,FEB,18,SUN,Less Than Jake & Four Year Strong,"Starland Ballroom,",Sayreville NJ,"Sayreville, NJ - 6:30 PM",Price: $22.50
http://www.axs.com/events/349241/elton-john-tickets,FEB,18,SUN,Elton John,"NYCB LIVE, Home of The Nassau Veterans Memorial Coliseum,",Long Island NY,"Long Island, NY - 8:00 PM","ON SALE Feb 16, 2018 - 10:00 AM"
http://www.axs.com/events/349346/tet-yeu-thuong-2018-tickets,FEB,18,SUN,Tet Yeu Thuong 2018,"Rough Trade NYC,",Brooklyn NY,"Brooklyn, NY - 8:00 PM",Starting from: $15.00
http://www.axs.com/events/345776/tedeschi-trucks-band-tickets,FEB,20,TUE,Tedeschi Trucks Band,"The Capitol Theatre,",Port Chester NY,"Port Chester, NY - 8:00 PM",Price: $55.00 - $95.00
http://www.axs.com/events/348868/mgmt-tickets,MAR,26,MON,MGMT,"Brooklyn Steel,",Brooklyn NY,"Brooklyn, NY - 8:00 PM",Price: $45.00
http://www.axs.com/events/346097/rob-bell-tickets,MAR,26,MON,Rob Bell,"Music Hall of Williamsburg,",Brooklyn NY,"Brooklyn, NY - 8:30 PM",Price: $35.00 - $60.00
http://www.axs.com/events/347896/dead-meadow-tickets,MAR,26,MON,Dead Meadow,"Rough Trade NYC,",Brooklyn NY,"Brooklyn, NY - 8:30 PM",Price: $18.00
http://www.axs.com/events/345171/dan-auerbach-the-easy-eye-sound-revue-featuring-robert-finley-shannon-tickets,MAR,27,TUE,"Dan Auerbach & The Easy Eye Sound Revue featuring Robert Finley, Shannon Shaw","Brooklyn Steel,",Brooklyn NY,"Brooklyn, NY - 8:00 PM",Price: $45.00
http://www.axs.com/events/344133/the-strypes-tickets,MAR,27,TUE,The Strypes,"Rough Trade NYC,",Brooklyn NY,"Brooklyn, NY - 9:00 PM",Price: $15.00
http://www.axs.com/events/345955/marlon-williams-tickets,MAR,27,TUE,Marlon Williams,"Music Hall of Williamsburg,",Brooklyn NY,"Brooklyn, NY - 9:00 PM",Price: $18.00
http://www.axs.com/events/346268/darlingside-tickets,MAR,28,WED,Darlingside,"Rough Trade NYC,",Brooklyn NY,"Brooklyn, NY - 7:00 PM",Price: $16.00
http://www.axs.com/events/346152/billy-joel-in-concert-tickets,MAR,28,WED,Billy Joel - In Concert,"Madison Square Garden,",New York City NY,"New York City, NY - 8:00 PM",
http://www.axs.com/events/346765/dan-auerbach-and-the-easy-eye-sound-revue-featuring-robert-finley-and-tickets,MAR,28,WED,Dan Auerbach and The Easy Eye Sound Revue featuring Robert Finley and Shannon Shaw,"The Capitol Theatre,",Port Chester NY,"Port Chester, NY - 8:00 PM",Price: $39.50 - $55.00
http://www.axs.com/events/349385/albert-hammond-jr-tickets,MAR,28,WED,Albert Hammond Jr,"Brooklyn Steel,",Brooklyn NY,"Brooklyn, NY - 8:30 PM",Price: $20.00
http://www.axs.com/events/346831/the-soft-moon-tickets,MAR,28,WED,The Soft Moon,"Music Hall of Williamsburg,",Brooklyn NY,"Brooklyn, NY - 9:00 PM",Price: $16.00
http://www.axs.com/events/346269/darlingside-tickets,MAR,28,WED,Darlingside,"Rough Trade NYC,",Brooklyn NY,"Brooklyn, NY - 10:00 PM",Price: $16.00
http://www.axs.com/events/349792/steel-panther-sunset-strip-live-tickets,MAR,29,THU,Steel Panther - Sunset Strip Live,"Starland Ballroom,",Sayreville NJ,"Sayreville, NJ - 7:00 PM",Price: $26.50
http://www.axs.com/events/347259/dashboard-confessional-tickets,MAR,29,THU,Dashboard Confessional,"Brooklyn Steel,",Brooklyn NY,"Brooklyn, NY - 8:00 PM",
http://www.axs.com/events/345011/s-carey-tickets,MAR,29,THU,S. Carey,"Rough Trade NYC,",Brooklyn NY,"Brooklyn, NY - 9:00 PM",Price: $18.00
http://www.axs.com/events/345855/monster-magnet-tickets,MAR,29,THU,Monster Magnet,"Music Hall of Williamsburg,",Brooklyn NY,"Brooklyn, NY - 9:00 PM",Price: $25.00
http://www.axs.com/events/345831/monster-magnet-tickets,MAR,30,FRI,Monster Magnet,"Starland Ballroom,",Sayreville NJ,"Sayreville, NJ - 6:00 PM",Price: $19.99
http://www.axs.com/events/348868/mgmt-tickets,MAR,26,MON,MGMT,"Brooklyn Steel,",Brooklyn NY,"Brooklyn, NY - 8:00 PM",Price: $45.00
http://www.axs.com/events/349085/anomalie-tickets,MAR,16,FRI,Anomalie,"Rough Trade NYC,",Brooklyn NY,"Brooklyn, NY - 9:00 PM",Price: $12.00
http://www.axs.com/events/347896/dead-meadow-tickets,MAR,26,MON,Dead Meadow,"Rough Trade NYC,",Brooklyn NY,"Brooklyn, NY - 8:30 PM",Price: $18.00
http://www.axs.com/events/345171/dan-auerbach-the-easy-eye-sound-revue-featuring-robert-finley-shannon-tickets,MAR,27,TUE,"Dan Auerbach & The Easy Eye Sound Revue featuring Robert Finley, Shannon Shaw","Brooklyn Steel,",Brooklyn NY,"Brooklyn, NY - 8:00 PM",Price: $45.00
http://www.axs.com/events/344133/the-strypes-tickets,MAR,27,TUE,The Strypes,"Rough Trade NYC,",Brooklyn NY,"Brooklyn, NY - 9:00 PM",Price: $15.00
http://www.axs.com/events/345955/marlon-williams-tickets,MAR,27,TUE,Marlon Williams,"Music Hall of Williamsburg,",Brooklyn NY,"Brooklyn, NY - 9:00 PM",Price: $18.00
http://www.axs.com/events/346268/darlingside-tickets,MAR,28,WED,Darlingside,"Rough Trade NYC,",Brooklyn NY,"Brooklyn, NY - 7:00 PM",Price: $16.00
http://www.axs.com/events/346152/billy-joel-in-concert-tickets,MAR,28,WED,Billy Joel - In Concert,"Madison Square Garden,",New York City NY,"New York City, NY - 8:00 PM",
http://www.axs.com/events/346765/dan-auerbach-and-the-easy-eye-sound-revue-featuring-robert-finley-and-tickets,MAR,28,WED,Dan Auerbach and The Easy Eye Sound Revue featuring Robert Finley and Shannon Shaw,"The Capitol Theatre,",Port Chester NY,"Port Chester, NY - 8:00 PM",Price: $39.50 - $55.00
http://www.axs.com/events/349385/albert-hammond-jr-tickets,MAR,28,WED,Albert Hammond Jr,"Brooklyn Steel,",Brooklyn NY,"Brooklyn, NY - 8:30 PM",Price: $20.00
http://www.axs.com/events/346831/the-soft-moon-tickets,MAR,28,WED,The Soft Moon,"Music Hall of Williamsburg,",Brooklyn NY,"Brooklyn, NY - 9:00 PM",Price: $16.00
http://www.axs.com/events/346269/darlingside-tickets,MAR,28,WED,Darlingside,"Rough Trade NYC,",Brooklyn NY,"Brooklyn, NY - 10:00 PM",Price: $16.00
http://www.axs.com/events/349792/steel-panther-sunset-strip-live-tickets,MAR,29,THU,Steel Panther - Sunset Strip Live,"Starland Ballroom,",Sayreville NJ,"Sayreville, NJ - 7:00 PM",Price: $26.50
http://www.axs.com/events/347259/dashboard-confessional-tickets,MAR,29,THU,Dashboard Confessional,"Brooklyn Steel,",Brooklyn NY,"Brooklyn, NY - 8:00 PM",
http://www.axs.com/events/345011/s-carey-tickets,MAR,29,THU,S. Carey,"Rough Trade NYC,",Brooklyn NY,"Brooklyn, NY - 9:00 PM",Price: $18.00
http://www.axs.com/events/345855/monster-magnet-tickets,MAR,29,THU,Monster Magnet,"Music Hall of Williamsburg,",Brooklyn NY,"Brooklyn, NY - 9:00 PM",Price: $25.00
http://www.axs.com/events/345831/monster-magnet-tickets,MAR,30,FRI,Monster Magnet,"Starland Ballroom,",Sayreville NJ,"Sayreville, NJ - 6:00 PM",Price: $19.99
http://www.axs.com/events/348324/the-lone-bellow-tickets,MAR,30,FRI,The Lone Bellow,"Town Hall,",New York City NY,"New York City, NY - 8:00 PM",Price: $35.00
http://www.axs.com/events/349804/lil-xan-tickets,MAR,30,FRI,Lil Xan,"Brooklyn Steel,",Brooklyn NY,"Brooklyn, NY - 8:00 PM",Price: $30.00
http://www.axs.com/events/348465/hanni-el-khatib-tickets,MAR,30,FRI,Hanni El Khatib,"Rough Trade NYC,",Brooklyn NY,"Brooklyn, NY - 9:00 PM",Price: $18.00
http://www.axs.com/events/349811/young-m-a-tickets,MAR,30,FRI,Young M.A.,"Music Hall of Williamsburg,",Brooklyn NY,"Brooklyn, NY - 9:00 PM",Price: $20.00 - $95.00
http://www.axs.com/events/349481/lil-xan-tickets,MAR,31,SAT,Lil Xan,"Starland Ballroom,",Sayreville NJ,"Sayreville, NJ - 7:00 PM",
http://www.axs.com/events/348575/amen-dunes-tickets,MAR,31,SAT,Amen Dunes,"Music Hall of Williamsburg,",Brooklyn NY,"Brooklyn, NY - 9:00 PM",Starting from: $20.00
http://www.axs.com/events/348621/tokimonsta-tickets,MAR,31,SAT,TOKiMONSTA,"Brooklyn Steel,",Brooklyn NY,"Brooklyn, NY - 9:00 PM",
http://www.axs.com/events/349837/open-mike-eagle-tickets,MAR,31,SAT,Open Mike Eagle,"Rough Trade NYC,",Brooklyn NY,"Brooklyn, NY - 9:00 PM",Price: $15.00
http://www.axs.com/events/349885/jared-the-mill-tickets,APR,2,MON,Jared & The Mill,"Rough Trade NYC,",Brooklyn NY,"Brooklyn, NY - 8:30 PM",Starting from: $12.00
http://www.axs.com/events/346768/caroline-rose-tickets,APR,3,TUE,Caroline Rose,"Rough Trade NYC,",Brooklyn NY,"Brooklyn, NY - 9:00 PM",Price: $12.00
http://www.axs.com/events/338210/lorde-tickets,APR,4,WED,Lorde,"Barclays Center,",Brooklyn NY,"Brooklyn, NY - 7:00 PM",
http://www.axs.com/events/348783/between-the-buried-and-me-the-dear-hunter-tickets,APR,4,WED,Between the Buried and Me & The Dear Hunter,"PlayStation Theater,",New York NY,"New York, NY - 7:00 PM",
http://www.axs.com/events/347533/daughtry-tickets,APR,4,WED,Daughtry,"The Capitol Theatre,",Port Chester NY,"Port Chester, NY - 8:00 PM",Price: $45.00 - $89.50
http://www.axs.com/events/345166/kelsea-ballerini-tickets,APR,5,THU,Kelsea Ballerini,"PlayStation Theater,",New York NY,"New York, NY - 7:30 PM",
http://www.axs.com/events/346217/brandi-carlile-tickets,APR,5,THU,Brandi Carlile,"Beacon Theatre,",New York City NY,"New York City, NY - 8:00 PM",Price: $41.50 - $81.50
http://www.axs.com/events/348561/the-black-angels-tickets,APR,5,THU,The Black Angels,"Brooklyn Steel,",Brooklyn NY,"Brooklyn, NY - 8:30 PM",Price: $30.00
http://www.axs.com/events/342183/l-a-salami-tickets,APR,5,THU,L.A. Salami,"Rough Trade NYC,",Brooklyn NY,"Brooklyn, NY - 9:00 PM",Price: $18.00
http://www.axs.com/events/348071/superorganism-tickets,APR,5,THU,Superorganism,"Music Hall of Williamsburg,",Brooklyn NY,"Brooklyn, NY - 9:00 PM",Price: $15.00
http://www.axs.com/events/346218/brandi-carlile-tickets,APR,6,FRI,Brandi Carlile,"Beacon Theatre,",New York City NY,"New York City, NY - 8:00 AM",Price: $41.50 - $81.50
http://www.axs.com/events/344947/kelsea-ballerini-tickets,APR,6,FRI,Kelsea Ballerini,"Starland Ballroom,",Sayreville NJ,"Sayreville, NJ - 6:30 PM",Price: $35.00 - $149.00
http://www.axs.com/events/338211/lorde-tickets,APR,6,FRI,Lorde,"Prudential Center,",Newark NJ,"Newark, NJ - 7:00 PM",
http://www.axs.com/events/346815/yo-la-tengo-tickets,APR,6,FRI,Yo La Tengo,"Brooklyn Steel,",Brooklyn NY,"Brooklyn, NY - 8:00 PM",Price: $35.00
http://www.axs.com/events/345507/ought-tickets,APR,6,FRI,Ought,"Music Hall of Williamsburg,",Brooklyn NY,"Brooklyn, NY - 9:00 PM",Price: $16.00
http://www.axs.com/events/349836/mo-lowda-the-humble-ep-release-tickets,APR,6,FRI,Mo Lowda & The Humble (EP Release),"Rough Trade NYC,",Brooklyn NY,"Brooklyn, NY - 9:00 PM",Price: $12.00
http://www.axs.com/events/346761/brandi-carlile-tickets,APR,7,SAT,Brandi Carlile,"Beacon Theatre,",New York City NY,"New York City, NY - 8:00 PM",Price: $41.50 - $81.50
http://www.axs.com/events/348849/kix-tickets,APR,7,SAT,Kix,"The Space at Westbury,",Westbury NY,"Westbury, NY - 8:00 PM",Price: $29.00 - $49.00
http://www.axs.com/events/349290/lotus-tickets,APR,7,SAT,Lotus,"The Capitol Theatre,",Port Chester NY,"Port Chester, NY - 8:00 PM",Price: $25.00 - $35.00
http://www.axs.com/events/345645/public-access-t-v-tickets,APR,7,SAT,Public Access T.V.,"Music Hall of Williamsburg,",Brooklyn NY,"Brooklyn, NY - 8:30 PM",Price: $15.00
http://www.axs.com/events/346409/cigarettes-after-sex-tickets,APR,7,SAT,Cigarettes After Sex,"Brooklyn Steel,",Brooklyn NY,"Brooklyn, NY - 9:00 PM",Price: $25.00
http://www.axs.com/events/347011/krane-tickets,APR,7,SAT,KRANE,"Rough Trade NYC,",Brooklyn NY,"Brooklyn, NY - 10:45 PM",Price: $15.00
http://www.axs.com/events/348065/straight-no-chaser-tickets,APR,8,SUN,Straight No Chaser,"Count Basie Theatre,",Red Bank NJ,"Red Bank, NJ - 7:30 PM",
http://www.axs.com/events/349380/rainbow-kitten-surprise-tickets,APR,10,TUE,Rainbow Kitten Surprise,"Brooklyn Steel,",Brooklyn NY,"Brooklyn, NY - 8:00 PM",Price: $25.00
http://www.axs.com/events/349810/mallrat-tickets,APR,10,TUE,Mallrat,"Rough Trade NYC,",Brooklyn NY,"Brooklyn, NY - 8:30 PM",Price: $10.00
http://www.axs.com/events/348480/rainbow-kitten-surprise-tickets,APR,11,WED,Rainbow Kitten Surprise,"Brooklyn Steel,",Brooklyn NY,"Brooklyn, NY - 8:00 PM",Price: $25.00
http://www.axs.com/events/348809/mome-tickets,APR,11,WED,Møme,"Rough Trade NYC,",Brooklyn NY,"Brooklyn, NY - 9:00 PM",Price: $15.00
http://www.axs.com/events/347736/della-mae-tickets,APR,12,THU,Della Mae,"Rough Trade NYC,",Brooklyn NY,"Brooklyn, NY - 9:00 PM",Price: $15.00
http://www.axs.com/events/347310/john-prine-sturgill-simpson-tickets,APR,13,FRI,John Prine & Sturgill Simpson,"Radio City Music Hall,",New York City NY,"New York City, NY - 8:00 PM",Price: $51.50 - $137.50
http://www.axs.com/events/347420/billy-joel-in-concert-tickets,APR,13,FRI,Billy Joel - In Concert,"Madison Square Garden,",New York City NY,"New York City, NY - 8:00 PM",
http://www.axs.com/events/347130/khruangbin-tickets,APR,13,FRI,Khruangbin,"Music Hall of Williamsburg,",Brooklyn NY,"Brooklyn, NY - 9:00 PM",Price: $20.00
http://www.axs.com/events/347293/ty-segall-and-the-freedom-band-tickets,APR,13,FRI,Ty Segall and The Freedom Band,"Brooklyn Steel,",Brooklyn NY,"Brooklyn, NY - 9:00 PM",Price: $27.00
http://www.axs.com/events/348260/the-feelies-tickets,APR,13,FRI,The Feelies,"Rough Trade NYC,",Brooklyn NY,"Brooklyn, NY - 9:00 PM",Price: $25.00
http://www.axs.com/events/347453/ty-segall-tickets,APR,14,SAT,Ty Segall,"The Capitol Theatre,",Port Chester NY,"Port Chester, NY - 8:00 PM",Price: $25.00 - $35.00
http://www.axs.com/events/349124/thirdstory-tickets,APR,14,SAT,Thirdstory,"Brooklyn Steel,",Brooklyn NY,"Brooklyn, NY - 8:00 PM",
http://www.axs.com/events/347243/a-ap-ferg-tickets,APR,14,SAT,A$AP Ferg,"Terminal 5,",New York NY,"New York, NY - 9:00 PM",Price: $35.00 - $149.00
http://www.axs.com/events/350045/stephen-malkmus-the-jicks-tickets,JUN,15,FRI,Stephen Malkmus & the Jicks,"Music Hall of Williamsburg,",Brooklyn NY,"Brooklyn, NY - 9:00 PM",
http://www.axs.com/events/348261/the-feelies-tickets,APR,14,SAT,The Feelies,"Rough Trade NYC,",Brooklyn NY,"Brooklyn, NY - 9:00 PM",Price: $25.00
http://www.axs.com/events/347414/the-midnight-tickets,MAR,16,FRI,The Midnight,"Music Hall of Williamsburg,",Brooklyn NY,"Brooklyn, NY - 9:00 PM",Price: $16.00
http://www.axs.com/events/349085/anomalie-tickets,MAR,16,FRI,Anomalie,"Rough Trade NYC,",Brooklyn NY,"Brooklyn, NY - 9:00 PM",Price: $12.00
http://www.axs.com/events/348753/khruangbin-tickets,APR,14,SAT,Khruangbin,"Music Hall of Williamsburg,",Brooklyn NY,"Brooklyn, NY - 9:00 PM",Starting from: $20.00
http://www.axs.com/events/347890/franz-ferdinand-tickets,APR,15,SUN,Franz Ferdinand,"Brooklyn Steel,",Brooklyn NY,"Brooklyn, NY - 8:00 PM",Price: $33.00
http://www.axs.com/events/349602/the-feelies-tickets,APR,15,SUN,The Feelies,"Rough Trade NYC,",Brooklyn NY,"Brooklyn, NY - 8:00 PM",Price: $25.00
http://www.axs.com/events/344945/franz-ferdinand-tickets,APR,16,MON,Franz Ferdinand,"Brooklyn Steel,",Brooklyn NY,"Brooklyn, NY - 8:00 PM",Price: $33.00
http://www.axs.com/events/337526/clean-bandit-tickets,APR,17,TUE,Clean Bandit,"Brooklyn Steel,",Brooklyn NY,"Brooklyn, NY - 8:00 PM",Price: $27.00
http://www.axs.com/events/348126/as-the-crow-flies-tickets,APR,17,TUE,As The Crow Flies,"The Capitol Theatre,",Port Chester NY,"Port Chester, NY - 8:00 PM",Price: $35.00 - $65.00
http://www.axs.com/events/348514/the-afghan-whigs-built-to-spill-tickets,APR,18,WED,The Afghan Whigs & Built to Spill,"Brooklyn Steel,",Brooklyn NY,"Brooklyn, NY - 8:00 PM",Price: $40.00
http://www.axs.com/events/348701/charlotte-cardin-tickets,APR,18,WED,Charlotte Cardin,"Rough Trade NYC,",Brooklyn NY,"Brooklyn, NY - 8:40 PM",Price: $15.00
http://www.axs.com/events/349480/rodney-atkins-tickets,APR,19,THU,Rodney Atkins,"Starland Ballroom,",Sayreville NJ,"Sayreville, NJ - 7:00 PM",
http://www.axs.com/events/348463/preoccupations-tickets,APR,19,THU,Preoccupations,"Rough Trade NYC,",Brooklyn NY,"Brooklyn, NY - 9:00 PM",Price: $15.00
http://www.axs.com/events/347267/jimmy-kenny-and-the-pirate-beach-band-tickets,APR,20,FRI,Jimmy Kenny and The Pirate Beach Band,"Starland Ballroom,",Sayreville NJ,"Sayreville, NJ - 7:30 PM",Price: $15.00
http://www.axs.com/events/343545/the-darkness-tickets,APR,20,FRI,The Darkness,"Brooklyn Steel,",Brooklyn NY,"Brooklyn, NY - 8:00 PM",
http://www.axs.com/events/347600/todrick-hall-american-tickets,APR,20,FRI,Todrick Hall American,"PlayStation Theater,",New York NY,"New York, NY - 8:00 PM",
http://www.axs.com/events/347885/penguin-prison-tickets,APR,20,FRI,Penguin Prison,"Music Hall of Williamsburg,",Brooklyn NY,"Brooklyn, NY - 9:00 PM",Price: $22.00
http://www.axs.com/events/348606/sure-sure-tickets,APR,20,FRI,Sure Sure,"Rough Trade NYC,",Brooklyn NY,"Brooklyn, NY - 9:00 PM",Price: $15.00
http://www.axs.com/events/343245/the-darkness-tickets,APR,21,SAT,The Darkness,"Starland Ballroom,",Sayreville NJ,"Sayreville, NJ - 7:00 PM",Price: $25.00
http://www.axs.com/events/343914/why-don-t-we-tickets,APR,21,SAT,Why Don't We,"PlayStation Theater,",New York NY,"New York, NY - 7:00 PM",
http://www.axs.com/events/346099/ajr-tickets,APR,21,SAT,AJR,"Terminal 5,",New York NY,"New York, NY - 8:00 PM",Price: $25.00
http://www.axs.com/events/347704/iamx-tickets,APR,21,SAT,IAMX,"Rough Trade NYC,",Brooklyn NY,"Brooklyn, NY - 9:00 PM",Price: $22.00
http://www.axs.com/events/349316/sofi-tukker-tickets,APR,21,SAT,Sofi Tukker,"Brooklyn Steel,",Brooklyn NY,"Brooklyn, NY - 9:00 PM",Price: $26.00
http://www.axs.com/events/349652/animal-years-tickets,APR,21,SAT,Animal Years,"Music Hall of Williamsburg,",Brooklyn NY,"Brooklyn, NY - 9:00 PM",Price: $15.00
http://www.axs.com/events/343915/why-don-t-we-tickets,APR,22,SUN,Why Don't We,"PlayStation Theater,",New York NY,"New York, NY - 7:00 PM",
http://www.axs.com/events/349189/iamx-tickets,APR,22,SUN,IAMX,"Rough Trade NYC,",Brooklyn NY,"Brooklyn, NY - 9:00 PM",Starting from: $22.00
http://www.axs.com/events/343916/why-don-t-we-tickets,APR,23,MON,Why Don't We,"PlayStation Theater,",New York NY,"New York, NY - 7:00 PM",
http://www.axs.com/events/347601/todrick-hall-american-tickets,APR,24,TUE,Todrick Hall American,"iPlay America’s Event Center,",Freehold NJ,"Freehold, NJ - 7:30 PM",
http://www.axs.com/events/348823/george-ezra-tickets,APR,24,TUE,George Ezra,"Terminal 5,",New York NY,"New York, NY - 8:00 PM",Price: $35.00
http://www.axs.com/events/345613/why-don-t-we-tickets,APR,25,WED,Why Don't We,"Starland Ballroom,",Sayreville NJ,"Sayreville, NJ - 6:00 PM",Price: $29.50
http://www.axs.com/events/346638/raphael-tickets,APR,25,WED,Raphael,"Beacon Theatre,",New York City NY,"New York City, NY - 8:00 PM",Price: $59.50 - $119.50
http://www.axs.com/events/350014/dagny-tickets,APR,25,WED,DAGNY,"Rough Trade NYC,",Brooklyn NY,"Brooklyn, NY - 8:00 PM",
http://www.axs.com/events/348903/unknown-mortal-orchestra-tickets,APR,25,WED,Unknown Mortal Orchestra,"Brooklyn Steel,",Brooklyn NY,"Brooklyn, NY - 9:00 PM",Price: $30.00
http://www.axs.com/events/346262/killswitch-engage-tickets,APR,26,THU,Killswitch Engage,"Starland Ballroom,",Sayreville NJ,"Sayreville, NJ - 6:00 PM",Price: $26.00 - $250.00
http://www.axs.com/events/348904/unknown-mortal-orchestra-tickets,APR,26,THU,Unknown Mortal Orchestra,"Brooklyn Steel,",Brooklyn NY,"Brooklyn, NY - 9:00 PM",Price: $30.00
http://www.axs.com/events/349194/cut-chemist-tickets,APR,26,THU,Cut Chemist,"Music Hall of Williamsburg,",Brooklyn NY,"Brooklyn, NY - 9:00 PM",Price: $20.00
http://www.axs.com/events/348826/mr-jukes-tickets,APR,26,THU,Mr Jukes,"Rough Trade NYC,",Brooklyn NY,"Brooklyn, NY - 10:00 PM",Price: $16.00
http://www.axs.com/events/347081/blue-october-tickets,APR,27,FRI,Blue October,"Starland Ballroom,",Sayreville NJ,"Sayreville, NJ - 7:00 PM",Price: $27.00
http://www.axs.com/events/339091/peter-hook-the-light-tickets,APR,27,FRI,Peter Hook & The Light,"Brooklyn Steel,",Brooklyn NY,"Brooklyn, NY - 8:00 PM",Price: $25.00
http://www.axs.com/events/349779/gov-t-mule-tickets,APR,27,FRI,Gov't Mule,"The Capitol Theatre,",Port Chester NY,"Port Chester, NY - 8:00 PM",Price: $40.00 - $55.00
http://www.axs.com/events/346461/durand-jones-the-indications-tickets,APR,27,FRI,Durand Jones & the Indications,"Music Hall of Williamsburg,",Brooklyn NY,"Brooklyn, NY - 9:00 PM",Price: $15.00
http://www.axs.com/events/350012/okkervil-river-album-release-show-tickets,APR,27,FRI,Okkervil River Album Release Show,"Rough Trade NYC,",Brooklyn NY,"Brooklyn, NY - 9:00 PM",
http://www.axs.com/events/347444/6ix9ine-tickets,APR,28,SAT,6ix9ine,"Lake Terrace,",Lakewood NJ,"Lakewood, NJ - 7:00 PM",Price: $25.00 - $35.00
http://www.axs.com/events/343070/steven-wilson-tickets,APR,28,SAT,Steven Wilson,"PlayStation Theater,",New York NY,"New York, NY - 8:00 PM",
http://www.axs.com/events/348417/matt-and-kim-tickets,APR,28,SAT,Matt and Kim,"Brooklyn Steel,",Brooklyn NY,"Brooklyn, NY - 8:00 PM",Price: $30.00
http://www.axs.com/events/349781/gov-t-mule-tickets,APR,28,SAT,Gov't Mule,"The Capitol Theatre,",Port Chester NY,"Port Chester, NY - 8:00 PM",Price: $40.00 - $55.00
http://www.axs.com/events/349982/michigander-tickets,APR,28,SAT,Michigander,"Rough Trade NYC,",Brooklyn NY,"Brooklyn, NY - 8:30 PM",Starting from: $10.00
http://www.axs.com/events/346467/calexico-tickets,APR,28,SAT,Calexico,"Music Hall of Williamsburg,",Brooklyn NY,"Brooklyn, NY - 9:00 PM",Price: $30.00
http://www.axs.com/events/344827/brian-fallon-the-howling-weather-tickets,APR,29,SUN,Brian Fallon & The Howling Weather,"Starland Ballroom,",Sayreville NJ,"Sayreville, NJ - 7:00 PM",Price: $25.00
http://www.axs.com/events/343071/steven-wilson-tickets,APR,29,SUN,Steven Wilson,"PlayStation Theater,",New York NY,"New York, NY - 8:00 PM",
http://www.axs.com/events/348978/matt-and-kim-tickets,APR,29,SUN,Matt and Kim,"Brooklyn Steel,",Brooklyn NY,"Brooklyn, NY - 8:00 PM",Price: $30.00
http://www.axs.com/events/348124/the-breeders-tickets,APR,30,MON,The Breeders,"Brooklyn Steel,",Brooklyn NY,"Brooklyn, NY - 8:00 PM",Starting from: $30.00
http://www.axs.com/events/348642/fickle-friends-tickets,APR,30,MON,Fickle Friends,"Rough Trade NYC,",Brooklyn NY,"Brooklyn, NY - 8:30 PM",Price: $12.00
http://www.axs.com/events/349077/the-breeders-tickets,MAY,1,TUE,The Breeders,"Terminal 5,",New York NY,"New York, NY - 8:00 PM",Starting from: $35.00
http://www.axs.com/events/344932/brian-fallon-the-howling-weather-tickets,MAY,2,WED,Brian Fallon & The Howling Weather,"Brooklyn Steel,",Brooklyn NY,"Brooklyn, NY - 8:00 PM",Price: $27.50
http://www.axs.com/events/348125/the-breeders-tickets,MAY,2,WED,The Breeders,"The Capitol Theatre,",Port Chester NY,"Port Chester, NY - 8:00 PM",Price: $30.00 - $40.00
http://www.axs.com/events/349905/imarhan-tickets,MAY,2,WED,Imarhan,"Rough Trade NYC,",Brooklyn NY,"Brooklyn, NY - 9:00 PM",Starting from: $15.00
http://www.axs.com/events/349367/lord-huron-tickets,MAY,3,THU,Lord Huron,"Beacon Theatre,",New York City NY,"New York City, NY - 8:00 PM",Price: $39.50 - $59.50
http://www.axs.com/events/349721/zoe-tickets,MAY,3,THU,Zoé,"PlayStation Theater,",New York NY,"New York, NY - 8:00 PM",
http://www.axs.com/events/345827/tom-misch-tickets,MAY,3,THU,Tom Misch,"Brooklyn Steel,",Brooklyn NY,"Brooklyn, NY - 9:00 PM",
http://www.axs.com/events/348956/mt-joy-tickets,MAY,3,THU,Mt. Joy,"Rough Trade NYC,",Brooklyn NY,"Brooklyn, NY - 9:00 PM",Price: $15.00
http://www.axs.com/events/345582/the-piano-guys-tickets,MAY,4,FRI,The Piano Guys,"New Jersey Performing Arts Center,",Newark NJ,"Newark, NJ - 8:00 PM",
http://www.axs.com/events/348576/haim-tickets,MAY,4,FRI,HAIM,"Radio City Music Hall,",New York City NY,"New York City, NY - 8:00 PM",Price: $39.50 - $85.00
http://www.axs.com/events/348619/what-so-not-tickets,MAY,4,FRI,What So Not,"Brooklyn Steel,",Brooklyn NY,"Brooklyn, NY - 8:00 PM",
http://www.axs.com/events/349118/king-krule-tickets,MAY,4,FRI,King Krule,"Manhattan Center's Hammerstein Ballroom,",New York City NY,"New York City, NY - 8:00 PM",Price: $35.00
http://www.axs.com/events/349425/soccer-mommy-tickets,MAY,4,FRI,Soccer Mommy,"Rough Trade NYC,",Brooklyn NY,"Brooklyn, NY - 9:00 PM",Price: $12.00
http://www.axs.com/events/349794/louie-devito-third-annual-nyc-underground-classics-party-tickets,MAY,5,SAT,Louie DeVito Third Annual NYC Underground Classics Party,"Starland Ballroom,",Sayreville NJ,"Sayreville, NJ - 7:30 PM",
http://www.axs.com/events/347545/panda-bear-tickets,MAY,5,SAT,Panda Bear,"Brooklyn Steel,",Brooklyn NY,"Brooklyn, NY - 8:00 PM",Price: $25.00
http://www.axs.com/events/347640/natalia-lafourcade-tickets,MAY,5,SAT,Natalia Lafourcade,"Terminal 5,",New York NY,"New York, NY - 8:00 PM",Price: $25.00 - $35.00
http://www.axs.com/events/348623/the-fab-faux-tickets,MAY,5,SAT,The Fab Faux,"The Capitol Theatre,",Port Chester NY,"Port Chester, NY - 8:00 PM",Price: $45.00 - $125.00
http://www.axs.com/events/349378/haim-tickets,MAY,5,SAT,HAIM,"Radio City Music Hall,",New York City NY,"New York City, NY - 8:00 PM",Price: $39.50 - $85.00
http://www.axs.com/events/348791/brazilian-girls-tickets,MAY,5,SAT,Brazilian Girls,"Music Hall of Williamsburg,",Brooklyn NY,"Brooklyn, NY - 9:00 PM",Price: $20.00
http://www.axs.com/events/347441/parkway-drive-tickets,MAY,6,SUN,Parkway Drive,"Starland Ballroom,",Sayreville NJ,"Sayreville, NJ - 6:00 PM",Price: $23.00
http://www.axs.com/events/349099/ani-difranco-tickets,MAY,10,THU,Ani DiFranco,"Music Hall of Williamsburg,",Brooklyn NY,"Brooklyn, NY - 8:00 PM",Price: $49.00
http://www.axs.com/events/348918/greta-van-fleet-tickets,MAY,11,FRI,Greta Van Fleet,"Starland Ballroom,",Sayreville NJ,"Sayreville, NJ - 7:00 PM",Price: $35.00
http://www.axs.com/events/348939/dark-star-orchestra-tickets,MAY,11,FRI,Dark Star Orchestra,"The Capitol Theatre,",Port Chester NY,"Port Chester, NY - 8:00 PM",Price: $35.00 - $45.00
http://www.axs.com/events/349593/marian-hill-tickets,MAY,11,FRI,Marian Hill,"Brooklyn Steel,",Brooklyn NY,"Brooklyn, NY - 8:00 PM",Price: $32.50
http://www.axs.com/events/349469/matthew-logan-vasquez-of-delta-spirit-tickets,MAY,11,FRI,Matthew Logan Vasquez (of Delta Spirit),"Rough Trade NYC,",Brooklyn NY,"Brooklyn, NY - 9:00 PM",Price: $15.00
http://www.axs.com/events/348919/oh-wonder-tickets,MAY,12,SAT,Oh Wonder,"Starland Ballroom,",Sayreville NJ,"Sayreville, NJ - 7:00 PM",Price: $25.00
http://www.axs.com/events/347261/jorja-smith-tickets,MAY,12,SAT,Jorja Smith,"Brooklyn Steel,",Brooklyn NY,"Brooklyn, NY - 8:00 PM",
http://www.axs.com/events/348940/dark-star-orchestra-tickets,MAY,12,SAT,Dark Star Orchestra,"The Capitol Theatre,",Port Chester NY,"Port Chester, NY - 8:00 PM",Price: $35.00 - $45.00
http://www.axs.com/events/349031/rolling-blackouts-coastal-fever-tickets,MAY,12,SAT,Rolling Blackouts Coastal Fever,"Rough Trade NYC,",Brooklyn NY,"Brooklyn, NY - 9:00 PM",Price: $15.00
http://www.axs.com/events/349723/slushii-tickets,MAY,12,SAT,Slushii,"PlayStation Theater,",New York NY,"New York, NY - 9:00 PM",
http://www.axs.com/events/348562/enrique-bunbury-tickets,MAY,13,SUN,Enrique Bunbury,"Terminal 5,",New York NY,"New York, NY - 8:00 PM",Price: $55.00
http://www.axs.com/events/348639/wye-oak-tickets,MAY,15,TUE,Wye Oak,"Brooklyn Steel,",Brooklyn NY,"Brooklyn, NY - 8:00 PM",Price: $25.00
http://www.axs.com/events/343869/the-fratellis-tickets,MAY,16,WED,The Fratellis,"Brooklyn Steel,",Brooklyn NY,"Brooklyn, NY - 8:00 PM",
http://www.axs.com/events/348837/blackberry-smoke-tickets,MAY,17,THU,Blackberry Smoke,"The Space at Westbury,",Westbury NY,"Westbury, NY - 8:00 PM",Price: $30.00 - $40.00
http://www.axs.com/events/348867/shakey-graves-tickets,MAY,17,THU,Shakey Graves,"Brooklyn Steel,",Brooklyn NY,"Brooklyn, NY - 8:00 PM",Price: $28.00
http://www.axs.com/events/349335/yacht-rock-revue-tickets,MAY,17,THU,Yacht Rock Revue,"PlayStation Theater,",New York NY,"New York, NY - 8:00 PM",
http://www.axs.com/events/348756/her-tickets,MAY,17,THU,HER,"Rough Trade NYC,",Brooklyn NY,"Brooklyn, NY - 9:00 PM",Price: $15.00
http://www.axs.com/events/348838/blackberry-smoke-tickets,MAY,18,FRI,Blackberry Smoke,"The Capitol Theatre,",Port Chester NY,"Port Chester, NY - 8:00 PM",Price: $30.00 - $40.00
http://www.axs.com/events/348941/dark-star-orchestra-tickets,MAY,18,FRI,Dark Star Orchestra,"The Space at Westbury,",Westbury NY,"Westbury, NY - 8:00 PM",Price: $35.00 - $50.00
http://www.axs.com/events/349589/king-tuff-tickets,MAY,18,FRI,King Tuff,"Music Hall of Williamsburg,",Brooklyn NY,"Brooklyn, NY - 9:00 PM",Price: $18.00
http://www.axs.com/events/349803/black-coffee-tickets,MAY,18,FRI,Black Coffee,"Terminal 5,",New York NY,"New York, NY - 11:00 PM",Price: $25.00 - $45.00
http://www.axs.com/events/348643/the-fab-faux-tickets,MAY,19,SAT,The Fab Faux,"The Space at Westbury,",Westbury NY,"Westbury, NY - 8:00 PM",Price: $59.50 - $89.50
http://www.axs.com/events/348951/george-fitzgerald-tickets,MAY,19,SAT,George FitzGerald,"Rough Trade NYC,",Brooklyn NY,"Brooklyn, NY - 9:00 PM",Price: $15.00
http://www.axs.com/events/348875/jukebox-the-ghost-tickets,MAY,21,MON,Jukebox the Ghost,"Brooklyn Steel,",Brooklyn NY,"Brooklyn, NY - 8:00 PM",Price: $25.00 - $60.00
http://www.axs.com/events/336280/the-kooks-tickets,MAY,22,TUE,The Kooks,"Terminal 5,",New York NY,"New York, NY - 8:00 PM",Price: $35.00
http://www.axs.com/events/348539/bishop-briggs-tickets,MAY,22,TUE,Bishop Briggs,"Brooklyn Steel,",Brooklyn NY,"Brooklyn, NY - 8:00 PM",Price: $23.00 - $73.00
http://www.axs.com/events/336284/the-kooks-tickets,MAY,23,WED,The Kooks,"Brooklyn Steel,",Brooklyn NY,"Brooklyn, NY - 8:00 PM",Price: $35.00
http://www.axs.com/events/347845/billy-joel-in-concert-tickets,MAY,23,WED,Billy Joel - In Concert,"Madison Square Garden,",New York City NY,"New York City, NY - 8:00 PM",
http://www.axs.com/events/347861/this-is-the-kit-tickets,MAY,23,WED,This Is the Kit,"Rough Trade NYC,",Brooklyn NY,"Brooklyn, NY - 9:00 PM",Price: $15.00
http://www.axs.com/events/348954/laura-veirs-tickets,MAY,24,THU,Laura Veirs,"Rough Trade NYC,",Brooklyn NY,"Brooklyn, NY - 8:30 PM",Price: $15.00
http://www.axs.com/events/347152/royal-blood-tickets,MAY,28,MON,Royal Blood,"Brooklyn Steel,",Brooklyn NY,"Brooklyn, NY - 8:30 PM",Price: $37.00
http://www.axs.com/events/348418/new-found-glory-tickets,MAY,29,TUE,New Found Glory,"PlayStation Theater,",New York NY,"New York, NY - 7:00 PM",
http://www.axs.com/events/349383/royal-blood-tickets,MAY,29,TUE,Royal Blood,"Brooklyn Steel,",Brooklyn NY,"Brooklyn, NY - 8:30 PM",Price: $37.00
http://www.axs.com/events/349032/hop-along-tickets,MAY,30,WED,Hop Along,"Brooklyn Steel,",Brooklyn NY,"Brooklyn, NY - 8:00 PM",Price: $20.00
