FEB,10,SAT,Mumiy Troll,"PlayStation Theater,",New York NY
FEB,10,SAT,Jorge Drexler,"Beacon Theatre,",New York City NY
FEB,10,SAT,PINK TALKING FISH,"The Capitol Theatre,",Port Chester NY
FEB,10,SAT,"UNiiQU3, Dai Burger","Rough Trade NYC,",Brooklyn NY
FEB,10,SAT,Hippo Campus,"Brooklyn Steel,",Brooklyn NY
FEB,10,SAT,MATOMA,"Terminal 5,",New York NY
FEB,13,TUE,First Aid Kit,"Beacon Theatre,",New York City NY
FEB,13,TUE,Sleigh Bells,"Brooklyn Steel,",Brooklyn NY
FEB,13,TUE,All For The Hall,"PlayStation Theater,",New York NY
FEB,14,WED,Robert Plant & The Sensational Space Shifters,"Beacon Theatre,",New York City NY
FEB,14,WED,Village of Love,"Music Hall of Williamsburg,",Brooklyn NY
FEB,15,THU,August Burns Red,"Starland Ballroom,",Sayreville NJ
FEB,15,THU,An Evening with Noel Gallagher's High Flying Birds,"Radio City Music Hall,",New York City NY
FEB,15,THU,BØRNS,"Brooklyn Steel,",Brooklyn NY
FEB,15,THU,Dirty Fences,"Rough Trade NYC,",Brooklyn NY
FEB,16,FRI,Marilyn Manson,"Starland Ballroom,",Sayreville NJ
FEB,16,FRI,BØRNS,"Terminal 5,",New York NY
FEB,16,FRI,X Ambassadors,"Brooklyn Steel,",Brooklyn NY
FEB,16,FRI,Two Feet,"Music Hall of Williamsburg,",Brooklyn NY
FEB,16,FRI,Ganja White Night,"PlayStation Theater,",New York NY
FEB,16,FRI,Starcrawler,"Rough Trade NYC,",Brooklyn NY
FEB,17,SAT,PVRIS,"Starland Ballroom,",Sayreville NJ
FEB,17,SAT,Architects,"PlayStation Theater,",New York NY
FEB,17,SAT,Galactic,"Brooklyn Steel,",Brooklyn NY
FEB,17,SAT,Railroad Earth,"The Capitol Theatre,",Port Chester NY
FEB,17,SAT,Medasin,"Rough Trade NYC,",Brooklyn NY
FEB,17,SAT,3LAU,"Terminal 5,",New York NY
FEB,17,SAT,"Now, Now","Music Hall of Williamsburg,",Brooklyn NY
FEB,18,SUN,Less Than Jake & Four Year Strong,"Starland Ballroom,",Sayreville NJ
FEB,18,SUN,Elton John,"NYCB LIVE, Home of The Nassau Veterans Memorial Coliseum,",Long Island NY
FEB,18,SUN,Tet Yeu Thuong 2018,"Rough Trade NYC,",Brooklyn NY
FEB,20,TUE,Tedeschi Trucks Band,"The Capitol Theatre,",Port Chester NY
FEB,20,TUE,"88rising Double Happiness: Rich Brian, Joji, Keith Ape, & Higher Brothers","Terminal 5,",New York NY
FEB,20,TUE,Portugal. The Man,"Brooklyn Steel,",Brooklyn NY
FEB,20,TUE,Tyler Childers,"Music Hall of Williamsburg,",Brooklyn NY
FEB,21,WED,Idan Raichel,"Beacon Theatre,",New York City NY
FEB,21,WED,Billy Joel - In Concert,"Madison Square Garden,",New York City NY
FEB,21,WED,Tedeschi Trucks Band,"The Capitol Theatre,",Port Chester NY
FEB,21,WED,DVSN,"Terminal 5,",New York NY
FEB,21,WED,Amber Mark,"Rough Trade NYC,",Brooklyn NY
FEB,22,THU,STRFKR,"Brooklyn Steel,",Brooklyn NY
FEB,22,THU,AWOLNATION,"Terminal 5,",New York NY
FEB,22,THU,"Damian ""Jr. Gong"" Marley","PlayStation Theater,",New York NY
FEB,22,THU,StéLouse,"Rough Trade NYC,",Brooklyn NY
FEB,22,THU,Phoebe Bridgers,"Music Hall of Williamsburg,",Brooklyn NY
FEB,23,FRI,"Tyler, The Creator","The Theater at Madison Square Garden,",New York NY
FEB,23,FRI,Lila Downs,"PlayStation Theater,",New York NY
FEB,23,FRI,City of the Sun,"Brooklyn Steel,",Brooklyn NY
FEB,23,FRI,Scarlet Sails,"Rough Trade NYC,",Brooklyn NY
FEB,23,FRI,Don Diablo,"Terminal 5,",New York NY
FEB,23,FRI,Phoebe Bridgers,"Music Hall of Williamsburg,",Brooklyn NY
FEB,24,SAT,Little Big Town,"Radio City Music Hall,",New York City NY
FEB,21,WED,Billy Joel - In Concert,"Madison Square Garden,",New York City NY
FEB,21,WED,Tedeschi Trucks Band,"The Capitol Theatre,",Port Chester NY
FEB,21,WED,DVSN,"Terminal 5,",New York NY
FEB,21,WED,Amber Mark,"Rough Trade NYC,",Brooklyn NY
FEB,22,THU,STRFKR,"Brooklyn Steel,",Brooklyn NY
FEB,22,THU,AWOLNATION,"Terminal 5,",New York NY
FEB,22,THU,"Damian ""Jr. Gong"" Marley","PlayStation Theater,",New York NY
FEB,22,THU,StéLouse,"Rough Trade NYC,",Brooklyn NY
FEB,22,THU,Phoebe Bridgers,"Music Hall of Williamsburg,",Brooklyn NY
FEB,23,FRI,"Tyler, The Creator","The Theater at Madison Square Garden,",New York NY
FEB,23,FRI,Lila Downs,"PlayStation Theater,",New York NY
FEB,23,FRI,City of the Sun,"Brooklyn Steel,",Brooklyn NY
FEB,23,FRI,Scarlet Sails,"Rough Trade NYC,",Brooklyn NY
FEB,23,FRI,Don Diablo,"Terminal 5,",New York NY
FEB,23,FRI,Phoebe Bridgers,"Music Hall of Williamsburg,",Brooklyn NY
FEB,24,SAT,Little Big Town,"Radio City Music Hall,",New York City NY
FEB,24,SAT,"Tyler, The Creator","The Theater at Madison Square Garden,",New York NY
FEB,24,SAT,Bananarama,"PlayStation Theater,",New York NY
FEB,24,SAT,Lane 8: Little By Little Tour,"Brooklyn Steel,",Brooklyn NY
FEB,24,SAT,Freestyle Explosion Winter Edition,"Starland Ballroom,",Sayreville NJ
FEB,24,SAT,Diana Krall,"The Capitol Theatre,",Port Chester NY
FEB,24,SAT,Frightened Rabbit: The Midnight Organ Fight 10th Anniversary Tour,"Music Hall of Williamsburg,",Brooklyn NY
FEB,24,SAT,"RANN, Mobile Steam Unit","Rough Trade NYC,",Brooklyn NY
FEB,25,SUN,24K,"Music Hall of Williamsburg,",Brooklyn NY
FEB,26,MON,Jawbreaker,"Brooklyn Steel,",Brooklyn NY
FEB,26,MON,Joan as Police Woman 'Damned Devotion' Release Show,"Rough Trade NYC,",Brooklyn NY
FEB,27,TUE,Jawbreaker,"Brooklyn Steel,",Brooklyn NY
FEB,28,WED,Jawbreaker,"Brooklyn Steel,",Brooklyn NY
FEB,28,WED,Injury Reserve,"Rough Trade NYC,",Brooklyn NY
MAR,1,THU,SOJA,"The Capitol Theatre,",Port Chester NY
MAR,1,THU,LP,"Brooklyn Steel,",Brooklyn NY
MAR,1,THU,Gus Dapperton,"Rough Trade NYC,",Brooklyn NY
MAR,1,THU,The Presets,"Music Hall of Williamsburg,",Brooklyn NY
MAR,2,FRI,Rhye,"Brooklyn Steel,",Brooklyn NY
MAR,2,FRI,The Great Rock N' Roll Time Machine,"Starland Ballroom,",Sayreville NJ
MAR,2,FRI,Jeezy,"PlayStation Theater,",New York NY
MAR,2,FRI,Melvin Seals & JGB,"The Capitol Theatre,",Port Chester NY
MAR,2,FRI,shallou,"Rough Trade NYC,",Brooklyn NY
MAR,2,FRI,Lucy Dacus,"Music Hall of Williamsburg,",Brooklyn NY
MAR,2,FRI,Excision,"Terminal 5,",New York NY
MAR,3,SAT,Motionless In White: The Graveyard Shift North American Tour,"Starland Ballroom,",Sayreville NJ
MAR,3,SAT,Andrew Bird,"The Capitol Theatre,",Port Chester NY
MAR,3,SAT,KOLARS / Escondido,"Rough Trade NYC,",Brooklyn NY
MAR,3,SAT,Hippie Sabotage,"Brooklyn Steel,",Brooklyn NY
MAR,3,SAT,Excision,"Terminal 5,",New York NY
MAR,5,MON,Shed Seven,"Rough Trade NYC,",Brooklyn NY
MAR,6,TUE,Lola Marsh,"Rough Trade NYC,",Brooklyn NY
MAR,7,WED,Elvis Costello & The Imposters,"Brooklyn Steel,",Brooklyn NY
MAR,7,WED,Bruno Major,"Rough Trade NYC,",Brooklyn NY
MAR,7,WED,Jonathan Wilson,"Music Hall of Williamsburg,",Brooklyn NY
MAR,8,THU,Nathaniel Rateliff & The Night Sweats,"Apollo Theater,",New York City NY
MAR,8,THU,Elvis Costello & The Imposters,"The Capitol Theatre,",Port Chester NY
MAR,8,THU,Nada Surf,"Brooklyn Steel,",Brooklyn NY
MAR,8,THU,Papooz,"Rough Trade NYC,",Brooklyn NY
MAR,9,FRI,Pat Green / Eli Young Band,"Terminal 5,",New York NY
MAR,9,FRI,Tyler Farr,"Starland Ballroom,",Sayreville NJ
MAR,9,FRI,Elvis Costello & The Imposters,"The Capitol Theatre,",Port Chester NY
MAR,9,FRI,Tune-Yards,"Brooklyn Steel,",Brooklyn NY
MAR,9,FRI,Ella Vos,"Rough Trade NYC,",Brooklyn NY
MAR,9,FRI,Craig David Presents TS5,"Music Hall of Williamsburg,",Brooklyn NY
MAR,10,SAT,NYC Winter Wine Festival,"PlayStation Theater,",New York NY
MAR,10,SAT,OMD,"Terminal 5,",New York NY
MAR,10,SAT,JJ Grey & Mofro,"The Capitol Theatre,",Port Chester NY
MAR,10,SAT,Mike Gordon,"Brooklyn Steel,",Brooklyn NY
MAR,10,SAT,Alex Cameron,"Music Hall of Williamsburg,",Brooklyn NY
MAR,10,SAT,Adrian Daniel,"Rough Trade NYC,",Brooklyn NY
MAR,11,SUN,Senses Fail,"Music Hall of Williamsburg,",Brooklyn NY
MAR,12,MON,Godspeed You! Black Emperor,"Brooklyn Steel,",Brooklyn NY
MAR,12,MON,Alex Cameron,"Music Hall of Williamsburg,",Brooklyn NY
MAR,13,TUE,Godspeed You! Black Emperor,"Brooklyn Steel,",Brooklyn NY
MAR,13,TUE,Steve Winwood,"The Capitol Theatre,",Port Chester NY
MAR,13,TUE,An Evening with Kristin Hersh + Grant-Lee Phillips,"Rough Trade NYC,",Brooklyn NY
MAR,14,WED,Nightwish,"PlayStation Theater,",New York NY
MAR,14,WED,Beth Ditto,"Brooklyn Steel,",Brooklyn NY
MAR,14,WED,Phil Lesh & The Terrapin Family Band and Steve Winwood,"The Capitol Theatre,",Port Chester NY
MAR,14,WED,A Tribute for Nujabes with Shing02 & The Chee-Hoos,"Rough Trade NYC,",Brooklyn NY
MAR,15,THU,"I'm With Her – Sara Watkins, Sarah Jarosz and Aoife O'Donovan","Town Hall,",New York City NY
MAR,15,THU,Mat Kearney,"PlayStation Theater,",New York NY
MAR,15,THU,Whoopi Goldberg,"Beacon Theatre,",New York City NY
MAR,15,THU,Tall Heights,"Rough Trade NYC,",Brooklyn NY
MAR,15,THU,Nightmares On Wax,"Music Hall of Williamsburg,",Brooklyn NY
MAR,16,FRI,Zion T,"PlayStation Theater,",New York NY
MAR,16,FRI,Time Machine/Mashina Vremeni - Back to the USA!,"Terminal 5,",New York NY
MAR,16,FRI,The Midnight,"Music Hall of Williamsburg,",Brooklyn NY
MAR,16,FRI,Anomalie,"Rough Trade NYC,",Brooklyn NY
MAR,17,SAT,Senses Fail,"Starland Ballroom,",Sayreville NJ
MAR,17,SAT,Buffalo Tom,"Music Hall of Williamsburg,",Brooklyn NY
MAR,17,SAT,Little Tybee / The Reign of Kindo,"Rough Trade NYC,",Brooklyn NY
MAR,19,MON,"Our Golden Friend NYC Showcase: Jade Imagine, RVG, Totally Mild, Jess Ribeiro","Rough Trade NYC,",Brooklyn NY
MAR,20,TUE,Moby,"Rough Trade NYC,",Brooklyn NY
MAR,21,WED,Knuckle Puck,"Music Hall of Williamsburg,",Brooklyn NY
MAR,21,WED,Moby,"Rough Trade NYC,",Brooklyn NY
MAR,22,THU,Lucius,"Town Hall,",New York City NY
MAR,22,THU,Son Lux,"Brooklyn Steel,",Brooklyn NY
MAR,22,THU,Theo Katzman,"Music Hall of Williamsburg,",Brooklyn NY
MAR,22,THU,Wolf!,"Rough Trade NYC,",Brooklyn NY
MAR,23,FRI,Matt and Kim,"Starland Ballroom,",Sayreville NJ
MAR,23,FRI,Keys N Krates,"Brooklyn Steel,",Brooklyn NY
MAR,23,FRI,Boogie T & SQUNTO Strike Back: NEW YORK,"Highline Ballroom,",New York City NY
MAR,23,FRI,Porches,"Music Hall of Williamsburg,",Brooklyn NY
APR,7,SAT,Public Access T.V.,"Music Hall of Williamsburg,",Brooklyn NY
APR,7,SAT,Cigarettes After Sex,"Brooklyn Steel,",Brooklyn NY
APR,7,SAT,KRANE,"Rough Trade NYC,",Brooklyn NY
APR,8,SUN,Straight No Chaser,"Count Basie Theatre,",Red Bank NJ
APR,10,TUE,Rainbow Kitten Surprise,"Brooklyn Steel,",Brooklyn NY
APR,10,TUE,Mallrat,"Rough Trade NYC,",Brooklyn NY
APR,11,WED,Rainbow Kitten Surprise,"Brooklyn Steel,",Brooklyn NY
APR,11,WED,Møme,"Rough Trade NYC,",Brooklyn NY
APR,12,THU,L7,"Brooklyn Steel,",Brooklyn NY
APR,12,THU,Della Mae,"Rough Trade NYC,",Brooklyn NY
APR,13,FRI,John Prine & Sturgill Simpson,"Radio City Music Hall,",New York City NY
APR,13,FRI,Billy Joel - In Concert,"Madison Square Garden,",New York City NY
APR,13,FRI,Khruangbin,"Music Hall of Williamsburg,",Brooklyn NY
APR,13,FRI,Ty Segall and The Freedom Band,"Brooklyn Steel,",Brooklyn NY
APR,13,FRI,The Feelies,"Rough Trade NYC,",Brooklyn NY
APR,14,SAT,Ty Segall,"The Capitol Theatre,",Port Chester NY
APR,14,SAT,Thirdstory,"Brooklyn Steel,",Brooklyn NY
APR,14,SAT,A$AP Ferg,"Terminal 5,",New York NY
APR,14,SAT,The Feelies,"Rough Trade NYC,",Brooklyn NY
APR,14,SAT,Khruangbin,"Music Hall of Williamsburg,",Brooklyn NY
APR,15,SUN,Franz Ferdinand,"Brooklyn Steel,",Brooklyn NY
APR,15,SUN,The Feelies,"Rough Trade NYC,",Brooklyn NY
APR,16,MON,Franz Ferdinand,"Brooklyn Steel,",Brooklyn NY
APR,17,TUE,Clean Bandit,"Brooklyn Steel,",Brooklyn NY
APR,17,TUE,As The Crow Flies,"The Capitol Theatre,",Port Chester NY
APR,18,WED,The Afghan Whigs & Built to Spill,"Brooklyn Steel,",Brooklyn NY
APR,18,WED,Charlotte Cardin,"Rough Trade NYC,",Brooklyn NY
APR,19,THU,Preoccupations,"Rough Trade NYC,",Brooklyn NY
APR,20,FRI,Jimmy Kenny and The Pirate Beach Band,"Starland Ballroom,",Sayreville NJ
APR,20,FRI,The Darkness,"Brooklyn Steel,",Brooklyn NY
APR,20,FRI,Todrick Hall American,"PlayStation Theater,",New York NY
APR,20,FRI,Penguin Prison,"Music Hall of Williamsburg,",Brooklyn NY
APR,20,FRI,Sure Sure,"Rough Trade NYC,",Brooklyn NY
APR,21,SAT,The Darkness,"Starland Ballroom,",Sayreville NJ
APR,21,SAT,Why Don't We,"PlayStation Theater,",New York NY
APR,21,SAT,AJR,"Terminal 5,",New York NY
APR,21,SAT,IAMX,"Rough Trade NYC,",Brooklyn NY
APR,21,SAT,Sofi Tukker,"Brooklyn Steel,",Brooklyn NY
APR,21,SAT,Animal Years,"Music Hall of Williamsburg,",Brooklyn NY
APR,22,SUN,Why Don't We,"PlayStation Theater,",New York NY
APR,22,SUN,IAMX,"Rough Trade NYC,",Brooklyn NY
APR,23,MON,Why Don't We,"PlayStation Theater,",New York NY
APR,24,TUE,Todrick Hall American,"iPlay America’s Event Center,",Freehold NJ
APR,24,TUE,George Ezra,"Terminal 5,",New York NY
APR,25,WED,Why Don't We,"Starland Ballroom,",Sayreville NJ
APR,25,WED,Raphael,"Beacon Theatre,",New York City NY
APR,25,WED,Unknown Mortal Orchestra,"Brooklyn Steel,",Brooklyn NY
APR,26,THU,Killswitch Engage,"Starland Ballroom,",Sayreville NJ
APR,26,THU,Unknown Mortal Orchestra,"Brooklyn Steel,",Brooklyn NY
APR,26,THU,Cut Chemist,"Music Hall of Williamsburg,",Brooklyn NY
APR,26,THU,Mr Jukes,"Rough Trade NYC,",Brooklyn NY
APR,27,FRI,Blue October,"Starland Ballroom,",Sayreville NJ
APR,27,FRI,Peter Hook & The Light,"Brooklyn Steel,",Brooklyn NY
APR,27,FRI,Gov't Mule,"The Capitol Theatre,",Port Chester NY
APR,27,FRI,Durand Jones & the Indications,"Music Hall of Williamsburg,",Brooklyn NY
APR,28,SAT,6ix9ine,"Lake Terrace,",Lakewood NJ
APR,28,SAT,Steven Wilson,"PlayStation Theater,",New York NY
APR,28,SAT,Matt and Kim,"Brooklyn Steel,",Brooklyn NY
APR,28,SAT,Gov't Mule,"The Capitol Theatre,",Port Chester NY
APR,28,SAT,Michigander,"Rough Trade NYC,",Brooklyn NY
APR,28,SAT,Calexico,"Music Hall of Williamsburg,",Brooklyn NY
APR,29,SUN,Brian Fallon & The Howling Weather,"Starland Ballroom,",Sayreville NJ
APR,29,SUN,Steven Wilson,"PlayStation Theater,",New York NY
APR,29,SUN,Matt and Kim,"Brooklyn Steel,",Brooklyn NY
APR,30,MON,The Breeders,"Brooklyn Steel,",Brooklyn NY
APR,30,MON,Fickle Friends,"Rough Trade NYC,",Brooklyn NY
MAY,1,TUE,The Breeders,"Terminal 5,",New York NY
MAY,2,WED,Brian Fallon & The Howling Weather,"Brooklyn Steel,",Brooklyn NY
MAY,2,WED,The Breeders,"The Capitol Theatre,",Port Chester NY
MAY,2,WED,Imarhan,"Rough Trade NYC,",Brooklyn NY
MAY,3,THU,Lord Huron,"Beacon Theatre,",New York City NY
MAY,3,THU,Zoé,"PlayStation Theater,",New York NY
MAY,3,THU,Tom Misch,"Brooklyn Steel,",Brooklyn NY
MAY,3,THU,Mt. Joy,"Rough Trade NYC,",Brooklyn NY
MAY,4,FRI,The Piano Guys,"New Jersey Performing Arts Center,",Newark NJ
MAY,4,FRI,HAIM,"Radio City Music Hall,",New York City NY
MAY,4,FRI,What So Not,"Brooklyn Steel,",Brooklyn NY
MAY,4,FRI,King Krule,"Manhattan Center's Hammerstein Ballroom,",New York City NY
MAY,4,FRI,Soccer Mommy,"Rough Trade NYC,",Brooklyn NY
MAY,5,SAT,Panda Bear,"Brooklyn Steel,",Brooklyn NY
MAY,5,SAT,Natalia Lafourcade,"Terminal 5,",New York NY
MAY,5,SAT,The Fab Faux,"The Capitol Theatre,",Port Chester NY
MAY,5,SAT,HAIM,"Radio City Music Hall,",New York City NY
MAY,5,SAT,Brazilian Girls,"Music Hall of Williamsburg,",Brooklyn NY
MAY,6,SUN,Parkway Drive,"Starland Ballroom,",Sayreville NJ
MAY,10,THU,Ani DiFranco,"Music Hall of Williamsburg,",Brooklyn NY
MAY,11,FRI,Greta Van Fleet,"Starland Ballroom,",Sayreville NJ
MAY,11,FRI,Dark Star Orchestra,"The Capitol Theatre,",Port Chester NY
MAY,11,FRI,Marian Hill,"Brooklyn Steel,",Brooklyn NY
MAY,11,FRI,Matthew Logan Vasquez (of Delta Spirit),"Rough Trade NYC,",Brooklyn NY
MAY,12,SAT,Oh Wonder,"Starland Ballroom,",Sayreville NJ
MAY,12,SAT,Jorja Smith,"Brooklyn Steel,",Brooklyn NY
MAY,12,SAT,Dark Star Orchestra,"The Capitol Theatre,",Port Chester NY
MAY,12,SAT,Rolling Blackouts Coastal Fever,"Rough Trade NYC,",Brooklyn NY
MAY,12,SAT,Slushii,"PlayStation Theater,",New York NY
MAY,13,SUN,Enrique Bunbury,"Terminal 5,",New York NY
MAY,15,TUE,Wye Oak,"Brooklyn Steel,",Brooklyn NY
MAY,16,WED,The Fratellis,"Brooklyn Steel,",Brooklyn NY
MAY,17,THU,Blackberry Smoke,"The Space at Westbury,",Westbury NY
MAY,17,THU,Shakey Graves,"Brooklyn Steel,",Brooklyn NY
