FEB,10,SAT,Jay Critch,"Starland Ballroom,",Sayreville NJ
FEB,10,SAT,Mumiy Troll,"PlayStation Theater,",New York NY
FEB,10,SAT,Jorge Drexler,"Beacon Theatre,",New York City NY
FEB,10,SAT,PINK TALKING FISH,"The Capitol Theatre,",Port Chester NY
FEB,10,SAT,"UNiiQU3, Dai Burger","Rough Trade NYC,",Brooklyn NY
FEB,10,SAT,Hippo Campus,"Brooklyn Steel,",Brooklyn NY
FEB,10,SAT,MATOMA,"Terminal 5,",New York NY
FEB,13,TUE,First Aid Kit,"Beacon Theatre,",New York City NY
FEB,13,TUE,Sleigh Bells,"Brooklyn Steel,",Brooklyn NY
FEB,13,TUE,All For The Hall,"PlayStation Theater,",New York NY
FEB,14,WED,Robert Plant & The Sensational Space Shifters,"Beacon Theatre,",New York City NY
FEB,14,WED,Village of Love,"Music Hall of Williamsburg,",Brooklyn NY
FEB,15,THU,August Burns Red,"Starland Ballroom,",Sayreville NJ
FEB,15,THU,An Evening with Noel Gallagher's High Flying Birds,"Radio City Music Hall,",New York City NY
FEB,15,THU,BØRNS,"Brooklyn Steel,",Brooklyn NY
FEB,15,THU,Dirty Fences,"Rough Trade NYC,",Brooklyn NY
FEB,16,FRI,Marilyn Manson,"Starland Ballroom,",Sayreville NJ
FEB,16,FRI,BØRNS,"Terminal 5,",New York NY
FEB,16,FRI,X Ambassadors,"Brooklyn Steel,",Brooklyn NY
FEB,16,FRI,Two Feet,"Music Hall of Williamsburg,",Brooklyn NY
FEB,16,FRI,Ganja White Night,"PlayStation Theater,",New York NY
FEB,16,FRI,Starcrawler,"Rough Trade NYC,",Brooklyn NY
FEB,17,SAT,PVRIS,"Starland Ballroom,",Sayreville NJ
FEB,17,SAT,Architects,"PlayStation Theater,",New York NY
FEB,17,SAT,Galactic,"Brooklyn Steel,",Brooklyn NY
FEB,17,SAT,Railroad Earth,"The Capitol Theatre,",Port Chester NY
FEB,17,SAT,Medasin,"Rough Trade NYC,",Brooklyn NY
FEB,17,SAT,3LAU,"Terminal 5,",New York NY
FEB,17,SAT,"Now, Now","Music Hall of Williamsburg,",Brooklyn NY
FEB,18,SUN,Less Than Jake & Four Year Strong,"Starland Ballroom,",Sayreville NJ
FEB,18,SUN,Elton John,"NYCB LIVE, Home of The Nassau Veterans Memorial Coliseum,",Long Island NY
FEB,18,SUN,Tet Yeu Thuong 2018,"Rough Trade NYC,",Brooklyn NY
FEB,20,TUE,Tedeschi Trucks Band,"The Capitol Theatre,",Port Chester NY
FEB,20,TUE,"88rising Double Happiness: Rich Brian, Joji, Keith Ape, & Higher Brothers","Terminal 5,",New York NY
FEB,20,TUE,Portugal. The Man,"Brooklyn Steel,",Brooklyn NY
FEB,20,TUE,Tyler Childers,"Music Hall of Williamsburg,",Brooklyn NY
FEB,21,WED,Idan Raichel,"Beacon Theatre,",New York City NY
FEB,21,WED,Billy Joel - In Concert,"Madison Square Garden,",New York City NY
FEB,21,WED,Tedeschi Trucks Band,"The Capitol Theatre,",Port Chester NY
FEB,21,WED,DVSN,"Terminal 5,",New York NY
FEB,21,WED,Amber Mark,"Rough Trade NYC,",Brooklyn NY
FEB,22,THU,STRFKR,"Brooklyn Steel,",Brooklyn NY
FEB,22,THU,AWOLNATION,"Terminal 5,",New York NY
FEB,22,THU,"Damian ""Jr. Gong"" Marley","PlayStation Theater,",New York NY
FEB,22,THU,StéLouse,"Rough Trade NYC,",Brooklyn NY
FEB,22,THU,Phoebe Bridgers,"Music Hall of Williamsburg,",Brooklyn NY
FEB,23,FRI,"Tyler, The Creator","The Theater at Madison Square Garden,",New York NY
FEB,23,FRI,Lila Downs,"PlayStation Theater,",New York NY
FEB,23,FRI,City of the Sun,"Brooklyn Steel,",Brooklyn NY
FEB,23,FRI,Scarlet Sails,"Rough Trade NYC,",Brooklyn NY
FEB,23,FRI,Don Diablo,"Terminal 5,",New York NY
FEB,23,FRI,Phoebe Bridgers,"Music Hall of Williamsburg,",Brooklyn NY
